"grupa";"lp";"rnorm";"losowe";"SampleNames"
"1";1;-1,09109400942032;7;"sample1"
"2";2;0,021557540713211;2;"sample2"
"1";3;2,56511471413094;7;"sample3"
"2";4;-0,14886466046797;10;"sample4"
"1";5;-1,22536093417284;4;"sample1"
"2";6;-0,702853565966294;0;"sample2"
"1";7;-1,06772946841807;8;"sample3"
"2";8;0,448126820465488;6;"sample4"
"1";9;-1,42535520836678;0;"sample1"
"2";10;1,91024273888286;4;"sample2"
"1";11;-0,110840437692776;8;"sample3"
"2";12;-0,18594410127871;9;"sample4"
"1";13;-1,06685242195286;6;"sample1"
"2";14;-0,276010056078723;1;"sample2"
"1";15;-0,841870970686491;0;"sample3"
"2";16;0,948060257861842;1;"sample4"
"1";17;0,413056781203512;0;"sample1"
"2";18;-1,63973103983783;2;"sample2"
"1";19;-0,773975453463928;10;"sample3"
"2";20;1,11620047304752;5;"sample4"
"1";21;-1,60738916389282;7;"sample1"
"2";22;0,744800106387153;9;"sample2"
"1";23;0,297507220931687;10;"sample3"
"2";24;-0,65352699680452;9;"sample4"
"1";25;0,203266574697501;6;"sample1"
"2";26;1,05683894124358;0;"sample2"
"1";27;1,188129329116;2;"sample3"
"2";28;-1,19747654951309;5;"sample4"
"1";29;-0,587533042385154;9;"sample1"
"2";30;0,385030861611948;0;"sample2"
"1";31;0,975907374514141;6;"sample3"
"2";32;-1,94786423285833;4;"sample4"
"1";33;1,9086198994229;5;"sample1"
"2";34;2,73292197007901;1;"sample2"
"1";35;-0,652118232264232;6;"sample3"
"2";36;1,19344870459566;9;"sample4"
"1";37;-0,613892346434825;8;"sample1"
"2";38;-2,11239246755335;6;"sample2"
"1";39;-0,813697318214753;8;"sample3"
"2";40;1,81482632206922;0;"sample4"
"1";41;0,50204606250859;4;"sample1"
"2";42;-0,0744112449427746;2;"sample2"
"1";43;0,863855587593348;5;"sample3"
"2";44;-0,930897877613174;6;"sample4"
"1";45;1,40286166665473;6;"sample1"
"2";46;-0,834253717699494;8;"sample2"
"1";47;0,134691914600204;3;"sample3"
"2";48;-1,64358925125591;6;"sample4"
"1";49;0,374871466939045;6;"sample1"
"2";50;0,00274229645234998;3;"sample2"
"1";51;-0,557974600345124;4;"sample3"
"2";52;-1,15904665693045;5;"sample4"
"1";53;0,423099062258521;2;"sample1"
"2";54;0,752850286512892;2;"sample2"
"1";55;1,67229118785348;0;"sample3"
"2";56;-0,772914159850456;4;"sample4"
"1";57;-0,393791552578337;3;"sample1"
"2";58;-0,58271397324815;5;"sample2"
"1";59;-1,02081258681948;1;"sample3"
"2";60;-0,554215562259034;2;"sample4"
"1";61;0,62862495434802;6;"sample1"
"2";62;0,492692876097042;10;"sample2"
"1";63;0,583727171332138;1;"sample3"
"2";64;-0,503427904571087;3;"sample4"
"1";65;-1,54694280761259;4;"sample1"
"2";66;1,02497034563387;5;"sample2"
"1";67;-0,79832864741655;4;"sample3"
"2";68;0,819025666872946;5;"sample4"
"1";69;0,253446290795672;0;"sample1"
"2";70;1,90910651121642;7;"sample2"
"1";71;0,382288239665277;6;"sample3"
"2";72;1,93855931475541;1;"sample4"
"1";73;1,43910260740514;0;"sample1"
"2";74;1,1445761238836;4;"sample2"
"1";75;0,470072450056907;5;"sample3"
"2";76;-1,5505208628539;4;"sample4"
"1";77;-1,55796944196378;8;"sample1"
"2";78;2,53652212024807;1;"sample2"
"1";79;2,02096045476896;4;"sample3"
"2";80;0,173868804255849;7;"sample4"
"1";81;0,669678337028559;2;"sample1"
"2";82;1,16603372799597;4;"sample2"
"1";83;-0,696813549340727;3;"sample3"
"2";84;0,17645979729218;9;"sample4"
"1";85;0,288775441279174;10;"sample1"
"2";86;0,107649848226037;2;"sample2"
"1";87;-0,39328695942535;5;"sample3"
"2";88;-1,06686437112069;4;"sample4"
"1";89;1,12391177852216;6;"sample1"
"2";90;-1,47915362898047;6;"sample2"
"1";91;0,0490135789898954;5;"sample3"
"2";92;1,27790488493981;2;"sample4"
"1";93;0,145062862123054;3;"sample1"
"2";94;0,531243547076181;6;"sample2"
"1";95;-1,31175242036183;4;"sample3"
"2";96;2,03239019169872;5;"sample4"
"1";97;1,28935334669211;9;"sample1"
"2";98;-0,606295921228117;7;"sample2"
"1";99;1,68192845445841;5;"sample3"
"2";100;-1,21319254762183;5;"sample4"
"1";101;-0,242683072721608;1;"sample1"
"2";102;-1,81522033756902;9;"sample2"
"1";103;0,309835714870631;6;"sample3"
"2";104;-1,09058194696866;9;"sample4"
"1";105;0,416877044428233;3;"sample1"
"2";106;0,965031122012202;3;"sample2"
"1";107;0,690900838513623;10;"sample3"
"2";108;-0,650182417434416;8;"sample4"
"1";109;0,38927498674499;1;"sample1"
"2";110;-1,44620826021856;0;"sample2"
"1";111;-0,453753421848206;1;"sample3"
"2";112;-0,645259817794436;0;"sample4"
"1";113;-0,567202416946544;3;"sample1"
"2";114;1,25872766850783;7;"sample2"
"1";115;-1,10297627438243;6;"sample3"
"2";116;-0,836764473377372;9;"sample4"
"1";117;-2,08935436769522;2;"sample1"
"2";118;0,517999746416035;4;"sample2"
"1";119;-0,32811914641706;2;"sample3"
"2";120;-2,40950504792572;10;"sample4"
"1";121;-0,0485290445983331;0;"sample1"
"2";122;-0,323319162751185;5;"sample2"
"1";123;-1,49337078611649;8;"sample3"
"2";124;-0,387943784438161;9;"sample4"
"1";125;1,22506464734066;10;"sample1"
"2";126;0,556384386453511;10;"sample2"
"1";127;-0,92497661201969;8;"sample3"
"2";128;1,0343805375731;9;"sample4"
"1";129;0,754192141965756;8;"sample1"
"2";130;1,46792561380724;7;"sample2"
"1";131;-1,14284300942378;1;"sample3"
"2";132;-0,336897501162108;5;"sample4"
"1";133;0,591562903466232;5;"sample1"
"2";134;-0,997820221033072;10;"sample2"
"1";135;-0,846931344946278;1;"sample3"
"2";136;1,6702640401707;6;"sample4"
"1";137;-0,879744452475353;4;"sample1"
"2";138;-1,02412243434144;0;"sample2"
"1";139;0,544992185958042;4;"sample3"
"2";140;-2,45490110811639;6;"sample4"
"1";141;-1,26092246302582;7;"sample1"
"2";142;-0,127394684950121;3;"sample2"
"1";143;1,87363008245567;10;"sample3"
"2";144;-0,833612407660289;2;"sample4"
"1";145;1,80020011916737;3;"sample1"
"2";146;-0,56547530362345;0;"sample2"
"1";147;-0,728625049030031;5;"sample3"
"2";148;-0,0493497846182832;3;"sample4"
"1";149;0,00529021646802688;8;"sample1"
"2";150;-0,571759575108894;5;"sample2"
"1";151;0,739639689093646;1;"sample3"
"2";152;0,358294413308587;5;"sample4"
"1";153;0,548524911327621;5;"sample1"
"2";154;0,874651028291913;2;"sample2"
"1";155;0,49746933273291;6;"sample3"
"2";156;0,602913975418967;1;"sample4"
"1";157;-1,03800287982605;4;"sample1"
"2";158;2,27339078342158;8;"sample2"
"1";159;0,145361843017101;10;"sample3"
"2";160;-2,06499112782462;0;"sample4"
"1";161;0,0415765547366135;7;"sample1"
"2";162;0,794367198946784;8;"sample2"
"1";163;-0,559278334734031;9;"sample3"
"2";164;0,617208328234386;4;"sample4"
"1";165;0,404837701996773;1;"sample1"
"2";166;-1,16030974278299;8;"sample2"
"1";167;-0,340583310370953;4;"sample3"
"2";168;0,919036431208912;1;"sample4"
"1";169;1,47714218201146;5;"sample1"
"2";170;0,420091273370269;9;"sample2"
"1";171;0,836997471920958;3;"sample3"
"2";172;2,15485369084204;1;"sample4"
"1";173;-0,485075588829468;9;"sample1"
"2";174;0,691418304446784;5;"sample2"
"1";175;1,22360358213613;8;"sample3"
"2";176;0,719610844023765;6;"sample4"
"1";177;0,69826924008487;10;"sample1"
"2";178;1,48780348003303;9;"sample2"
"1";179;0,683760582352465;10;"sample3"
"2";180;0,174480960882753;5;"sample4"
"1";181;0,83497140652587;5;"sample1"
"2";182;0,759251237275182;4;"sample2"
"1";183;0,295376079982763;10;"sample3"
"2";184;0,893992767499919;2;"sample4"
"1";185;0,338069015273929;5;"sample1"
"2";186;1,20153943798945;9;"sample2"
"1";187;-0,379424381812747;7;"sample3"
"2";188;-0,579272533955958;8;"sample4"
"1";189;-0,350478336013361;6;"sample1"
"2";190;-0,315542144032198;9;"sample2"
"1";191;0,118172924215481;1;"sample3"
"2";192;0,76475359730435;6;"sample4"
"1";193;0,648513735144404;1;"sample1"
"2";194;0,894536241270802;6;"sample2"
"1";195;1,32797154938535;10;"sample3"
"2";196;-0,553069655543087;0;"sample4"
"1";197;-0,0696688460856153;4;"sample1"
"2";198;-1,76042507906824;9;"sample2"
"1";199;-0,229672407551351;4;"sample3"
"2";200;0,490897871459219;4;"sample4"
"1";201;-0,473164948297714;4;"sample1"
"2";202;-0,0474146907126194;4;"sample2"
"1";203;0,452342341961168;1;"sample3"
"2";204;-1,05832152346234;2;"sample4"
"1";205;2,12139958958889;2;"sample1"
"2";206;0,77991409731819;9;"sample2"
"1";207;-0,524568106011293;7;"sample3"
"2";208;-0,520356223175957;3;"sample4"
"1";209;0,0560214463202005;7;"sample1"
"2";210;-0,673402916197233;10;"sample2"
"1";211;0,109779217342744;2;"sample3"
"2";212;0,63867000054972;9;"sample4"
"1";213;-0,0130475796789627;5;"sample1"
"2";214;0,0874946398245394;6;"sample2"
"1";215;-1,2130411534667;10;"sample3"
"2";216;0,0719650635645931;7;"sample4"
"1";217;-2,27762400987949;5;"sample1"
"2";218;0,764779094494416;6;"sample2"
"1";219;-0,760466689903812;2;"sample3"
"2";220;-0,586429908641271;7;"sample4"
"1";221;0,0363095437401028;6;"sample1"
"2";222;-1,57527849959052;10;"sample2"
"1";223;0,207894153967903;0;"sample3"
"2";224;-1,20037652126152;10;"sample4"
"1";225;0,605071231719965;0;"sample1"
"2";226;0,956301529238209;7;"sample2"
"1";227;0,702840067833354;4;"sample3"
"2";228;-0,0975184019697306;0;"sample4"
"1";229;-0,700972855842564;10;"sample1"
"2";230;0,729941310738656;1;"sample2"
"1";231;-0,313321021866197;5;"sample3"
"2";232;0,706027190053467;0;"sample4"
"1";233;0,408891433051811;9;"sample1"
"2";234;1,54046463165591;1;"sample2"
"1";235;-0,676977025939828;8;"sample3"
"2";236;1,22642645036321;8;"sample4"
"1";237;-1,50007175315219;8;"sample1"
"2";238;-1,48345095243115;0;"sample2"
"1";239;0,395551359289172;7;"sample3"
"2";240;-0,375881300000092;10;"sample4"
"1";241;-0,676210373794446;1;"sample1"
"2";242;0,055444753388939;6;"sample2"
"1";243;1,28754507510252;2;"sample3"
"2";244;-0,0845716872560304;0;"sample4"
"1";245;0,544729071874515;8;"sample1"
"2";246;-1,04824240688189;10;"sample2"
"1";247;-1,18747141651317;5;"sample3"
"2";248;1,19674691146469;5;"sample4"
"1";249;0,965971997911858;9;"sample1"
"2";250;1,17258503167745;4;"sample2"
"1";251;0,519403829542104;0;"sample3"
"2";252;0,39715573121751;8;"sample4"
"1";253;1,27328564201322;10;"sample1"
"2";254;-0,212668745970208;10;"sample2"
"1";255;-0,307604296679454;1;"sample3"
"2";256;-0,430664053597212;5;"sample4"
"1";257;-0,894107958257945;4;"sample1"
"2";258;-0,560296903860687;1;"sample2"
"1";259;-1,17197411293954;3;"sample3"
"2";260;-0,265186293140607;2;"sample4"
"1";261;-0,28537311032618;0;"sample1"
"2";262;-0,588838565121137;5;"sample2"
"1";263;1,74624336133676;7;"sample3"
"2";264;0,287911507403064;2;"sample4"
"1";265;0,219594923655447;2;"sample1"
"2";266;-1,09752417845591;9;"sample2"
"1";267;2,16355045759189;0;"sample3"
"2";268;0,0659916337100229;4;"sample4"
"1";269;-0,137553745796641;5;"sample1"
"2";270;-0,0440220559327179;2;"sample2"
"1";271;-0,298025904620305;6;"sample3"
"2";272;-0,364984677036106;3;"sample4"
"1";273;-0,00333272748689598;1;"sample1"
"2";274;-1,31639075493616;4;"sample2"
"1";275;-0,174351252796641;8;"sample3"
"2";276;0,278696933335578;3;"sample4"
"1";277;-0,150778147216134;1;"sample1"
"2";278;-0,786664139867248;0;"sample2"
"1";279;-0,606049401147694;5;"sample3"
"2";280;-1,04816108184933;6;"sample4"
"1";281;1,05755318533121;6;"sample1"
"2";282;0,691226997760726;2;"sample2"
"1";283;0,665702471543292;10;"sample3"
"2";284;0,266646090221606;7;"sample4"
"1";285;-0,799295812255837;9;"sample1"
"2";286;-0,465527464396725;3;"sample2"
"1";287;-0,334410190099899;3;"sample3"
"2";288;0,830971356685288;1;"sample4"
"1";289;-1,2354302397823;0;"sample1"
"2";290;-0,483617574202971;1;"sample2"
"1";291;-0,886574663316248;9;"sample3"
"2";292;-1,39226487068771;8;"sample4"
"1";293;1,58821195810914;3;"sample1"
"2";294;-0,302018252700314;0;"sample2"
"1";295;-0,702465521878795;9;"sample3"
"2";296;-0,532185316363573;2;"sample4"
"1";297;-0,253203222042531;7;"sample1"
"2";298;-0,0154716928697593;10;"sample2"
"1";299;1,41745862871573;5;"sample3"
"2";300;-0,133576347457047;10;"sample4"
"1";301;-1,81542496361373;7;"sample1"
"2";302;-1,76036541693286;5;"sample2"
"1";303;-0,036376100812859;2;"sample3"
"2";304;1,2879424669221;4;"sample4"
"1";305;-0,890228447170341;4;"sample1"
"2";306;-1,10627252543853;7;"sample2"
"1";307;1,2066061245437;9;"sample3"
"2";308;0,124384529836637;5;"sample4"
"1";309;-1,18936532452342;4;"sample1"
"2";310;-0,167358701759568;2;"sample2"
"1";311;0,119639559683384;5;"sample3"
"2";312;0,808391014853217;2;"sample4"
"1";313;1,24131467548947;1;"sample1"
"2";314;0,690887264874174;5;"sample2"
"1";315;1,09506589694489;5;"sample3"
"2";316;-0,0692651869741939;0;"sample4"
"1";317;-1,1276456522702;9;"sample1"
"2";318;1,15663472234141;3;"sample2"
"1";319;-0,156331133019567;5;"sample3"
"2";320;-0,413015662626148;7;"sample4"
"1";321;2,09408207832029;10;"sample1"
"2";322;-0,390992361910339;4;"sample2"
"1";323;0,0209191789972622;7;"sample3"
"2";324;-0,690692517460122;1;"sample4"
"1";325;0,303215783031111;4;"sample1"
"2";326;0,981820087218865;8;"sample2"
"1";327;-0,593739739719482;2;"sample3"
"2";328;0,73910100998469;4;"sample4"
"1";329;0,193565965683254;5;"sample1"
"2";330;0,300615713342296;0;"sample2"
"1";331;-0,0210900299333532;4;"sample3"
"2";332;0,783546339571789;4;"sample4"
"1";333;0,646405647679805;9;"sample1"
"2";334;-0,281270218045909;10;"sample2"
"1";335;-0,0811720837324372;2;"sample3"
"2";336;1,31634670051165;9;"sample4"
"1";337;0,886648479194761;2;"sample1"
"2";338;-1,22322125214288;2;"sample2"
"1";339;1,15629765545979;8;"sample3"
"2";340;1,76158900317952;5;"sample4"
"1";341;0,898512212063608;7;"sample1"
"2";342;-0,123108035041883;3;"sample2"
"1";343;0,322348826018184;9;"sample3"
"2";344;-0,770594612019179;8;"sample4"
"1";345;-0,453150736081367;1;"sample1"
"2";346;2,26319202541816;7;"sample2"
"1";347;1,62045483753557;4;"sample3"
"2";348;-1,09774011680395;4;"sample4"
"1";349;-0,292761258036647;6;"sample1"
"2";350;-0,91977595555266;7;"sample2"
"1";351;0,922902098089692;0;"sample3"
"2";352;-1,35153525668879;0;"sample4"
"1";353;0,654493889579267;2;"sample1"
"2";354;0,112109790735577;9;"sample2"
"1";355;0,400461569008303;0;"sample3"
"2";356;-0,404308500191786;5;"sample4"
"1";357;-1,24996154005779;10;"sample1"
"2";358;0,620271747697201;0;"sample2"
"1";359;-0,0250587514102051;3;"sample3"
"2";360;-1,88859087966947;0;"sample4"
"1";361;0,727798284310092;5;"sample1"
"2";362;-0,508812585596547;10;"sample2"
"1";363;-0,119386351929559;3;"sample3"
"2";364;-1,5707558316118;2;"sample4"
"1";365;2,96387937379023;1;"sample1"
"2";366;-1,14430120438623;2;"sample2"
"1";367;-0,865052760266907;7;"sample3"
"2";368;-0,670763323916888;10;"sample4"
"1";369;-1,82711932978358;9;"sample1"
"2";370;-0,407734364206336;1;"sample2"
"1";371;0,749168171796931;0;"sample3"
"2";372;0,972263877418633;9;"sample4"
"1";373;1,5510184311508;8;"sample1"
"2";374;-0,842372175797817;6;"sample2"
"1";375;-0,0230465573367603;3;"sample3"
"2";376;-0,224910960832161;9;"sample4"
"1";377;0,860038851710699;3;"sample1"
"2";378;0,87673092265725;5;"sample2"
"1";379;-0,137525071107874;0;"sample3"
"2";380;-0,571967037305439;3;"sample4"
"1";381;1,53588430377617;4;"sample1"
"2";382;1,22731984396442;5;"sample2"
"1";383;1,51925607077531;4;"sample3"
"2";384;-0,19577404286852;9;"sample4"
"1";385;-0,130988558102622;7;"sample1"
"2";386;-0,574261708213934;8;"sample2"
"1";387;0,355295747256106;6;"sample3"
"2";388;-1,20247406161803;9;"sample4"
"1";389;-2,28231385395404;8;"sample1"
"2";390;-0,687225771742958;1;"sample2"
"1";391;-0,349272417304423;0;"sample3"
"2";392;0,788730796297362;3;"sample4"
"1";393;0,411860896020723;5;"sample1"
"2";394;0,0790431132915889;0;"sample2"
"1";395;1,74335048429893;1;"sample3"
"2";396;0,707387834760923;2;"sample4"
"1";397;-0,366319877121182;7;"sample1"
"2";398;-1,08900054136682;10;"sample2"
"1";399;-0,288092728433037;6;"sample3"
"2";400;-0,242338339499021;6;"sample4"
"1";401;0,248036882744294;4;"sample1"
"2";402;1,07008784017186;5;"sample2"
"1";403;-1,30626128113899;2;"sample3"
"2";404;-1,34903518372366;4;"sample4"
"1";405;-0,466780785784258;2;"sample1"
"2";406;-0,398679160220358;7;"sample2"
"1";407;0,355221355645848;10;"sample3"
"2";408;-0,359594989924518;10;"sample4"
"1";409;-1,17752739215903;2;"sample1"
"2";410;-1,46147104458362;1;"sample2"
"1";411;-0,439148287835567;3;"sample3"
"2";412;-1,22130933287399;9;"sample4"
"1";413;0,616385856002353;10;"sample1"
"2";414;0,830450460165403;8;"sample2"
"1";415;-0,548866415125875;9;"sample3"
"2";416;0,108042982569324;8;"sample4"
"1";417;1,26843304487958;1;"sample1"
"2";418;-0,379642392806615;2;"sample2"
"1";419;-2,1678945312894;2;"sample3"
"2";420;1,10622611973684;2;"sample4"
"1";421;2,01630947513951;0;"sample1"
"2";422;0,395808795450378;3;"sample2"
"1";423;-0,751370673717203;6;"sample3"
"2";424;-0,949890811393395;0;"sample4"
"1";425;1,08909881327885;2;"sample1"
"2";426;-0,396580483852359;3;"sample2"
"1";427;0,203008887152324;10;"sample3"
"2";428;0,397700631364113;0;"sample4"
"1";429;0,762424176336855;1;"sample1"
"2";430;-1,14259196904051;1;"sample2"
"1";431;-2,10595437808293;1;"sample3"
"2";432;1,21913595050374;7;"sample4"
"1";433;0,237738024125998;8;"sample1"
"2";434;0,250420209447891;3;"sample2"
"1";435;-2,15630403422856;7;"sample3"
"2";436;-0,0828537322521169;3;"sample4"
"1";437;-0,0448603377952668;1;"sample1"
"2";438;0,0136326214137803;1;"sample2"
"1";439;-0,0296107140245449;5;"sample3"
"2";440;-0,819538722356713;7;"sample4"
"1";441;1,41262571832715;2;"sample1"
"2";442;-0,447744753860649;9;"sample2"
"1";443;-1,28091043614234;2;"sample3"
"2";444;-0,735496126322775;9;"sample4"
"1";445;0,12108489545179;7;"sample1"
"2";446;0,62932868397898;6;"sample2"
"1";447;-2,29973918360966;0;"sample3"
"2";448;1,63248960753826;8;"sample4"
"1";449;-0,0153228692084924;8;"sample1"
"2";450;-1,24327898305624;6;"sample2"
"1";451;-0,842275194972754;5;"sample3"
"2";452;-0,35822653284967;1;"sample4"
"1";453;-1,96808614888392;4;"sample1"
"2";454;-0,166857719912339;4;"sample2"
"1";455;0,941776702358816;10;"sample3"
"2";456;-0,929245056742185;4;"sample4"
"1";457;2,3762756374669;10;"sample1"
"2";458;0,210320167640252;1;"sample2"
"1";459;1,74527401068688;3;"sample3"
"2";460;-0,0877349600645754;7;"sample4"
"1";461;-0,552488239280521;4;"sample1"
"2";462;0,354952652713507;5;"sample2"
"1";463;0,944191902847505;0;"sample3"
"2";464;0,17262396831678;7;"sample4"
"1";465;0,969216827384404;5;"sample1"
"2";466;0,938054232891354;5;"sample2"
"1";467;-1,47417062634842;2;"sample3"
"2";468;1,43994765378118;3;"sample4"
"1";469;1,24536126102829;8;"sample1"
"2";470;0,626051932849503;10;"sample2"
"1";471;1,04198184717362;3;"sample3"
"2";472;-1,41784909900441;8;"sample4"
"1";473;0,644644588913732;9;"sample1"
"2";474;-2,60323904665969;7;"sample2"
"1";475;-1,08439822072258;10;"sample3"
"2";476;0,730391815345208;6;"sample4"
"1";477;-0,640061327364181;0;"sample1"
"2";478;-0,1725268740815;1;"sample2"
"1";479;0,126023581870364;1;"sample3"
"2";480;-0,730939337697589;1;"sample4"
"1";481;-0,506258392400105;8;"sample1"
"2";482;-0,408313463828894;2;"sample2"
"1";483;-0,915913530256774;6;"sample3"
"2";484;-1,57391990453092;8;"sample4"
"1";485;0,469016356504958;2;"sample1"
"2";486;1,29346790637605;3;"sample2"
"1";487;-0,583910805120246;0;"sample3"
"2";488;-2,39188888794897;3;"sample4"
"1";489;-0,777778824998555;3;"sample1"
"2";490;-1,09353032104943;2;"sample2"
"1";491;0,87213009618447;3;"sample3"
"2";492;-0,517324404731961;1;"sample4"
"1";493;-0,786783653541521;4;"sample1"
"2";494;-1,0366239442493;3;"sample2"
"1";495;-0,145637337340871;2;"sample3"
"2";496;-0,0956583454915641;0;"sample4"
"1";497;-0,166792209674662;5;"sample1"
"2";498;-1,55915074622247;1;"sample2"
"1";499;0,967952776496204;4;"sample3"
"2";500;-0,459337459379086;7;"sample4"
"1";501;1,42273752899886;0;"sample1"
"2";502;1,39686460653911;10;"sample2"
"1";503;0,314228935147714;6;"sample3"
"2";504;-0,582134635189933;7;"sample4"
"1";505;0,117789733363146;3;"sample1"
"2";506;1,16777766048794;9;"sample2"
"1";507;-0,281203083745127;4;"sample3"
"2";508;-0,685553828864336;2;"sample4"
"1";509;-0,0935891705998181;10;"sample1"
"2";510;1,05889616902273;1;"sample2"
"1";511;-0,308547247215996;1;"sample3"
"2";512;0,365190197788274;4;"sample4"
"1";513;0,778351654129585;8;"sample1"
"2";514;0,215303882003448;3;"sample2"
"1";515;0,577331609742423;6;"sample3"
"2";516;0,423907493244389;8;"sample4"
"1";517;-0,028056065486934;1;"sample1"
"2";518;1,09558262423318;2;"sample2"
"1";519;0,455836195011814;5;"sample3"
"2";520;-0,509816252451793;6;"sample4"
"1";521;1,73580943437797;5;"sample1"
"2";522;-0,482643973852112;10;"sample2"
"1";523;-0,0577525255586609;10;"sample3"
"2";524;-0,115803073110292;0;"sample4"
"1";525;-0,633665807794011;8;"sample1"
"2";526;0,630314819441848;4;"sample2"
"1";527;0,816861602029118;9;"sample3"
"2";528;-0,992987535822399;8;"sample4"
"1";529;0,716566946566808;9;"sample1"
"2";530;-0,780622495184427;6;"sample2"
"1";531;-0,430929493898877;2;"sample3"
"2";532;-0,196460855716601;4;"sample4"
"1";533;-1,02872171293785;3;"sample1"
"2";534;-0,650880298472863;8;"sample2"
"1";535;-0,80535105755946;0;"sample3"
"2";536;-0,499236058089469;10;"sample4"
"1";537;0,373189628644225;8;"sample1"
"2";538;-0,411636148612059;6;"sample2"
"1";539;-2,03990063233116;10;"sample3"
"2";540;0,0625426865426557;3;"sample4"
"1";541;1,10707319810967;2;"sample1"
"2";542;-1,26180622860232;7;"sample2"
"1";543;-0,62549847786652;4;"sample3"
"2";544;2,2939620879587;0;"sample4"
"1";545;-0,0426143021290028;4;"sample1"
"2";546;-1,40726185189437;4;"sample2"
"1";547;0,235751615370625;5;"sample3"
"2";548;-0,17684544417369;5;"sample4"
"1";549;-2,19211547009869;3;"sample1"
"2";550;-0,637103655821134;5;"sample2"
"1";551;-1,20134715097607;9;"sample3"
"2";552;2,92491975699274;5;"sample4"
"1";553;-0,173158121421012;9;"sample1"
"2";554;-0,270487936839554;2;"sample2"
"1";555;0,770731519899686;1;"sample3"
"2";556;-0,897430758262804;4;"sample4"
"1";557;1,22555199905312;9;"sample1"
"2";558;-0,862577648394863;6;"sample2"
"1";559;-0,499347043589358;5;"sample3"
"2";560;-1,4722576943683;5;"sample4"
"1";561;-1,33076709123326;0;"sample1"
"2";562;-0,87729053719676;4;"sample2"
"1";563;0,819159318357522;7;"sample3"
"2";564;-0,0629045814176849;3;"sample4"
"1";565;0,554071245311536;4;"sample1"
"2";566;-0,235280550823486;3;"sample2"
"1";567;0,0853750399084419;4;"sample3"
"2";568;-1,41420026267861;2;"sample4"
"1";569;0,741883805748053;8;"sample1"
"2";570;0,965738084110288;4;"sample2"
"1";571;-0,728021292807267;6;"sample3"
"2";572;-1,16468336971761;4;"sample4"
"1";573;0,00073680489947842;6;"sample1"
"2";574;1,63624917214211;9;"sample2"
"1";575;-0,745758435711447;5;"sample3"
"2";576;0,347549590981916;7;"sample4"
"1";577;-1,32995727713716;2;"sample1"
"2";578;0,589998286652039;9;"sample2"
"1";579;-0,289240559904791;2;"sample3"
"2";580;0,922160245031144;5;"sample4"
"1";581;-0,013604556841618;4;"sample1"
"2";582;0,699843304801049;1;"sample2"
"1";583;1,15841724894863;3;"sample3"
"2";584;-0,193402068153899;4;"sample4"
"1";585;0,274980354888589;10;"sample1"
"2";586;-0,734640477989358;2;"sample2"
"1";587;-1,19352266971338;2;"sample3"
"2";588;0,722111730653617;2;"sample4"
"1";589;0,922224815444216;0;"sample1"
"2";590;-0,489706419238813;9;"sample2"
"1";591;0,0274251034572556;10;"sample3"
"2";592;0,514280552285404;4;"sample4"
"1";593;-1,01538276740644;8;"sample1"
"2";594;-0,69591832264467;9;"sample2"
"1";595;0,237214705147012;4;"sample3"
"2";596;-0,0633005409534158;1;"sample4"
"1";597;1,54989376648522;2;"sample1"
"2";598;1,06644962288173;1;"sample2"
"1";599;0,0470078017614783;0;"sample3"
"2";600;0,147977828854497;2;"sample4"
"1";601;-2,1154088984866;9;"sample1"
"2";602;0,0174354075950685;2;"sample2"
"1";603;0,730470479705827;3;"sample3"
"2";604;-1,2583322392435;10;"sample4"
"1";605;-3,10318689073992;3;"sample1"
"2";606;1,20282871837407;5;"sample2"
"1";607;3,73823996773051;7;"sample3"
"2";608;-0,0278380327794916;2;"sample4"
"1";609;0,446119966637953;8;"sample1"
"2";610;0,708932715665756;3;"sample2"
"1";611;-1,06613907968884;5;"sample3"
"2";612;0,69009900102018;10;"sample4"
"1";613;0,902210785092902;3;"sample1"
"2";614;1,9394819138907;5;"sample2"
"1";615;-0,520135083384115;9;"sample3"
"2";616;1,55079964587959;9;"sample4"
"1";617;0,503344272284373;4;"sample1"
"2";618;0,863905314785502;5;"sample2"
"1";619;0,281477626484688;2;"sample3"
"2";620;0,000511378271670389;1;"sample4"
"1";621;-1,48518259848899;8;"sample1"
"2";622;-1,75942299521596;5;"sample2"
"1";623;-0,950383193737897;6;"sample3"
"2";624;-0,401377064015522;2;"sample4"
"1";625;1,21616864212248;1;"sample1"
"2";626;0,442304812538789;8;"sample2"
"1";627;-0,71697629152031;7;"sample3"
"2";628;0,693144887561061;3;"sample4"
"1";629;1,08947333240005;2;"sample1"
"2";630;-0,900074659847472;3;"sample2"
"1";631;-1,07480840679459;8;"sample3"
"2";632;0,255514787185514;2;"sample4"
"1";633;-0,0573638827685424;4;"sample1"
"2";634;-1,76124669213297;0;"sample2"
"1";635;-0,356283490688131;10;"sample3"
"2";636;0,453676407997141;4;"sample4"
"1";637;0,0558665312695333;1;"sample1"
"2";638;-0,0509704805453873;5;"sample2"
"1";639;-1,35709576647855;6;"sample3"
"2";640;0,329132212950741;1;"sample4"
"1";641;0,564946458742929;7;"sample1"
"2";642;2,93658679929625;1;"sample2"
"1";643;0,742006175125877;4;"sample3"
"2";644;0,376137174408937;10;"sample4"
"1";645;0,654697811996467;2;"sample1"
"2";646;-0,314838432054251;2;"sample2"
"1";647;-2,315623261056;4;"sample3"
"2";648;1,70603173818271;0;"sample4"
"1";649;-0,628962252686512;5;"sample1"
"2";650;-1,00620670201443;8;"sample2"
"1";651;1,51214246564759;10;"sample3"
"2";652;0,373881595642887;8;"sample4"
"1";653;-0,143084069325048;5;"sample1"
"2";654;0,00481000835874455;10;"sample2"
"1";655;1,43835972230153;9;"sample3"
"2";656;0,784900308963621;6;"sample4"
"1";657;2,44605085105217;10;"sample1"
"2";658;-0,219813977480615;6;"sample2"
"1";659;1,42627096138282;7;"sample3"
"2";660;0,951996434625285;2;"sample4"
"1";661;-1,90979279358326;10;"sample1"
"2";662;-1,03387955709165;3;"sample2"
"1";663;-0,147543546195504;2;"sample3"
"2";664;-0,268222548244941;5;"sample4"
"1";665;0,0887830206146745;10;"sample1"
"2";666;-0,19218458824547;0;"sample2"
"1";667;-0,591033703252044;6;"sample3"
"2";668;0,011527730307566;0;"sample4"
"1";669;-0,72884992970463;4;"sample1"
"2";670;-0,292079566911495;9;"sample2"
"1";671;-1,2699480055746;9;"sample3"
"2";672;0,00816780415300602;4;"sample4"
"1";673;0,177809345039755;10;"sample1"
"2";674;-0,567493905713997;8;"sample2"
"1";675;1,74386460891986;7;"sample3"
"2";676;1,00667556291089;3;"sample4"
"1";677;0,218594163069951;9;"sample1"
"2";678;-0,882307144341031;1;"sample2"
"1";679;1,11496576147798;9;"sample3"
"2";680;-0,511115867646885;10;"sample4"
"1";681;-0,410688984025963;5;"sample1"
"2";682;-0,204482818798861;10;"sample2"
"1";683;0,0599051245429587;8;"sample3"
"2";684;0,374805106425656;2;"sample4"
"1";685;-1,1407082225812;0;"sample1"
"2";686;-0,56749209606102;7;"sample2"
"1";687;0,046829418317371;4;"sample3"
"2";688;2,02195468573852;2;"sample4"
"1";689;0,272449972770093;4;"sample1"
"2";690;-0,628544508387037;7;"sample2"
"1";691;1,14239165702652;7;"sample3"
"2";692;-0,985218294262105;3;"sample4"
"1";693;-1,35461137680303;3;"sample1"
"2";694;0,130991045536461;4;"sample2"
"1";695;0,706667868324382;1;"sample3"
"2";696;-0,0163353932023337;5;"sample4"
"1";697;-2,03241800107875;2;"sample1"
"2";698;-0,356760991984878;0;"sample2"
"1";699;-0,239008159067802;7;"sample3"
"2";700;-0,128122626742942;10;"sample4"
"1";701;0,617606023063895;6;"sample1"
"2";702;0,640893662948261;1;"sample2"
"1";703;0,121822516418293;8;"sample3"
"2";704;2,02370040774538;8;"sample4"
"1";705;-0,282080164866454;2;"sample1"
"2";706;0,527193782055163;6;"sample2"
"1";707;-0,59216402982165;8;"sample3"
"2";708;-1,18868929132699;3;"sample4"
"1";709;-0,0334373262144344;0;"sample1"
"2";710;-0,563130648549136;10;"sample2"
"1";711;-0,30270257485357;9;"sample3"
"2";712;0,400216107447251;0;"sample4"
"1";713;1,70916032439225;0;"sample1"
"2";714;-1,67453182720536;10;"sample2"
"1";715;0,736949957495801;0;"sample3"
"2";716;-0,217116321598098;3;"sample4"
"1";717;0,645039559185105;5;"sample1"
"2";718;-1,02369689631272;1;"sample2"
"1";719;0,377764888822649;0;"sample3"
"2";720;-2,93074979745599;2;"sample4"
"1";721;-2,12550385546275;3;"sample1"
"2";722;-1,17092285890407;0;"sample2"
"1";723;0,464537587485689;2;"sample3"
"2";724;1,57252492640942;10;"sample4"
"1";725;-2,23246604872394;10;"sample1"
"2";726;0,791917010548604;4;"sample2"
"1";727;-0,242338719733164;10;"sample3"
"2";728;0,338022948609078;2;"sample4"
"1";729;-0,674030293945002;3;"sample1"
"2";730;0,519875335734636;3;"sample2"
"1";731;1,75321106360214;1;"sample3"
"2";732;-1,05499750178825;2;"sample4"
"1";733;-1,4799163121813;10;"sample1"
"2";734;-0,634850506044447;7;"sample2"
"1";735;0,269447641635536;9;"sample3"
"2";736;0,445547987980856;5;"sample4"
"1";737;0,263617472683575;8;"sample1"
"2";738;0,350297776980517;4;"sample2"
"1";739;0,934353516917975;3;"sample3"
"2";740;-0,21529302585073;9;"sample4"
"1";741;0,10045268386395;8;"sample1"
"2";742;1,05688337840981;1;"sample2"
"1";743;-0,579127532130109;8;"sample3"
"2";744;-1,03257772090468;3;"sample4"
"1";745;1,44876687728828;10;"sample1"
"2";746;-0,208520693683885;1;"sample2"
"1";747;0,331905205000367;2;"sample3"
"2";748;0,287107968588582;7;"sample4"
"1";749;0,993718234998959;6;"sample1"
"2";750;1,27157990748562;8;"sample2"
"1";751;-1,1708556047608;6;"sample3"
"2";752;-1,90794879135244;3;"sample4"
"1";753;2,28952711484936;8;"sample1"
"2";754;-1,16038887445976;1;"sample2"
"1";755;0,110508791941364;3;"sample3"
"2";756;0,19126527545225;8;"sample4"
"1";757;0,316650871414953;9;"sample1"
"2";758;1,50178168204869;0;"sample2"
"1";759;-1,40943450596044;8;"sample3"
"2";760;0,576812727691611;9;"sample4"
"1";761;1,39829183100092;1;"sample1"
"2";762;-1,20743664099139;4;"sample2"
"1";763;1,34577380151639;6;"sample3"
"2";764;0,815572856310081;4;"sample4"
"1";765;0,251031544480813;0;"sample1"
"2";766;-0,611882123817976;0;"sample2"
"1";767;1,17348548653946;4;"sample3"
"2";768;-2,11417978446417;7;"sample4"
"1";769;-0,00404113662308616;1;"sample1"
"2";770;-1,57905584812565;8;"sample2"
"1";771;-0,598291036167477;6;"sample3"
"2";772;-0,0863868310402655;5;"sample4"
"1";773;0,0906550762798105;1;"sample1"
"2";774;0,234097683885885;2;"sample2"
"1";775;-0,493218303185975;7;"sample3"
"2";776;1,70515949553103;6;"sample4"
"1";777;-2,35523420752072;7;"sample1"
"2";778;1,69730243877902;8;"sample2"
"1";779;-0,507128774356356;4;"sample3"
"2";780;-1,6874947800732;8;"sample4"
"1";781;0,840386506369377;1;"sample1"
"2";782;-0,708529414227999;8;"sample2"
"1";783;-0,407990345356133;8;"sample3"
"2";784;1,91136684278877;9;"sample4"
"1";785;-0,69906749173975;1;"sample1"
"2";786;2,01558360351772;7;"sample2"
"1";787;0,923566445486753;6;"sample3"
"2";788;0,43801502909709;0;"sample4"
"1";789;0,144379559225873;2;"sample1"
"2";790;1,25006290253991;9;"sample2"
"1";791;-0,168548941429491;10;"sample3"
"2";792;0,43266919179877;7;"sample4"
"1";793;1,46397054849631;9;"sample1"
"2";794;2,33220734031927;3;"sample2"
"1";795;0,411591840681893;10;"sample3"
"2";796;1,14645976063476;8;"sample4"
"1";797;0,537575374410237;7;"sample1"
"2";798;-0,486558558216397;7;"sample2"
"1";799;1,06265426468535;2;"sample3"
"2";800;-0,751169868815563;0;"sample4"
"1";801;-0,34881276507007;9;"sample1"
"2";802;-0,215988190202788;7;"sample2"
"1";803;-0,161423818570597;8;"sample3"
"2";804;0,482557868271738;8;"sample4"
"1";805;-0,34032627827819;2;"sample1"
"2";806;-1,44637118429194;2;"sample2"
"1";807;-1,72328145439163;8;"sample3"
"2";808;-0,28958487177579;0;"sample4"
"1";809;1,22694654676024;10;"sample1"
"2";810;0,0357578790513814;4;"sample2"
"1";811;-0,182495644963276;1;"sample3"
"2";812;-0,569748647199342;8;"sample4"
"1";813;-0,195711177045138;3;"sample1"
"2";814;0,752667616213527;3;"sample2"
"1";815;0,0260974469653346;2;"sample3"
"2";816;0,266282699833949;3;"sample4"
"1";817;-1,06929285400696;5;"sample1"
"2";818;0,957556798294584;2;"sample2"
"1";819;1,48409395651272;9;"sample3"
"2";820;-1,63719539979005;9;"sample4"
"1";821;1,30520850213837;10;"sample1"
"2";822;0,0794279176134314;3;"sample2"
"1";823;0,157414926207718;10;"sample3"
"2";824;0,0581757495824846;5;"sample4"
"1";825;0,268978099544745;6;"sample1"
"2";826;-0,543170465515709;10;"sample2"
"1";827;-0,591691210632466;1;"sample3"
"2";828;-1,02474032746999;0;"sample4"
"1";829;0,372179846245892;5;"sample1"
"2";830;2,08613832039603;4;"sample2"
"1";831;0,998859167211424;8;"sample3"
"2";832;0,34912801247054;6;"sample4"
"1";833;-0,0391799264141182;9;"sample1"
"2";834;-0,332034706849181;3;"sample2"
"1";835;-0,769831071419273;6;"sample3"
"2";836;-0,329927755520061;4;"sample4"
"1";837;-0,896358926662237;2;"sample1"
"2";838;-1,14046575100262;8;"sample2"
"1";839;-1,3912812979124;9;"sample3"
"2";840;-1,04676859258577;4;"sample4"
"1";841;-0,47379719120616;10;"sample1"
"2";842;2,31214337485156;8;"sample2"
"1";843;-0,674358893518807;9;"sample3"
"2";844;0,305019511977341;10;"sample4"
"1";845;-0,476624479659755;10;"sample1"
"2";846;0,665029218107419;0;"sample2"
"1";847;0,0649651333888721;4;"sample3"
"2";848;-0,828650335076453;6;"sample4"
"1";849;-0,694152204501985;3;"sample1"
"2";850;-1,242455076315;10;"sample2"
"1";851;-0,49702102120587;10;"sample3"
"2";852;0,623976888870586;5;"sample4"
"1";853;1,2739809707236;0;"sample1"
"2";854;0,354723821092556;5;"sample2"
"1";855;-0,0527089315082667;1;"sample3"
"2";856;-0,926065810074819;8;"sample4"
"1";857;-0,617319353385227;8;"sample1"
"2";858;0,893702045997873;3;"sample2"
"1";859;0,834587668704463;8;"sample3"
"2";860;-0,315255234399112;1;"sample4"
"1";861;0,153622695283761;2;"sample1"
"2";862;-2,05467387819907;9;"sample2"
"1";863;1,00559550597346;8;"sample3"
"2";864;-0,81320543515597;4;"sample4"
"1";865;0,620833389224795;1;"sample1"
"2";866;0,0540711149049538;0;"sample2"
"1";867;0,0911009399877131;6;"sample3"
"2";868;0,00478718308695471;10;"sample4"
"1";869;-0,659644190786616;8;"sample1"
"2";870;0,671874221192056;3;"sample2"
"1";871;0,703299111384052;1;"sample3"
"2";872;1,25046170599131;4;"sample4"
"1";873;-0,721358170776628;4;"sample1"
"2";874;-0,386176131896666;4;"sample2"
"1";875;0,0210096523444094;9;"sample3"
"2";876;0,0645813810286691;4;"sample4"
"1";877;0,322480623487126;5;"sample1"
"2";878;0,47492138148174;0;"sample2"
"1";879;1,60024586560296;7;"sample3"
"2";880;0,191802301555443;0;"sample4"
"1";881;1,07163132151779;9;"sample1"
"2";882;-0,205650769930284;6;"sample2"
"1";883;-0,0701348835990928;10;"sample3"
"2";884;-0,13840618828855;0;"sample4"
"1";885;-0,513868242304357;1;"sample1"
"2";886;1,07421373769372;7;"sample2"
"1";887;-0,0374147976975647;10;"sample3"
"2";888;0,12436654381479;2;"sample4"
"1";889;2,3359957018606;5;"sample1"
"2";890;-0,00860235157917125;9;"sample2"
"1";891;1,02433506403073;10;"sample3"
"2";892;0,532319373964669;1;"sample4"
"1";893;-1,25852994571837;8;"sample1"
"2";894;-0,606184917414331;0;"sample2"
"1";895;0,00879243490223249;8;"sample3"
"2";896;-2,1286784991469;10;"sample4"
"1";897;0,929264330965324;1;"sample1"
"2";898;0,0627334021871225;0;"sample2"
"1";899;0,708681521885275;10;"sample3"
"2";900;-0,330535251896664;8;"sample4"
"1";901;-0,176282734223146;7;"sample1"
"2";902;1,53619969050212;7;"sample2"
"1";903;0,560221664848387;1;"sample3"
"2";904;0,99183369450785;9;"sample4"
"1";905;-0,216561980926329;10;"sample1"
"2";906;-1,33010983714058;10;"sample2"
"1";907;1,01607660578556;6;"sample3"
"2";908;1,39323476451607;6;"sample4"
"1";909;0,745075339774806;8;"sample1"
"2";910;-0,0292013999502142;5;"sample2"
"1";911;0,333160111312687;7;"sample3"
"2";912;2,29670613753977;2;"sample4"
"1";913;1,07567033992361;5;"sample1"
"2";914;0,393718983144729;9;"sample2"
"1";915;-1,18697139318133;2;"sample3"
"2";916;-1,56224078495272;1;"sample4"
"1";917;-1,86262553085647;3;"sample1"
"2";918;0,0972116837523769;8;"sample2"
"1";919;0,11427887332884;7;"sample3"
"2";920;-0,895272001153275;1;"sample4"
"1";921;0,472332573466248;7;"sample1"
"2";922;-1,76291939340153;6;"sample2"
"1";923;0,450664104600707;3;"sample3"
"2";924;0,875995715385963;0;"sample4"
"1";925;-0,688549360403575;2;"sample1"
"2";926;-0,542502446677959;7;"sample2"
"1";927;-0,621326743580977;9;"sample3"
"2";928;0,377718325798207;0;"sample4"
"1";929;1,16464441887298;7;"sample1"
"2";930;-0,512678334031489;3;"sample2"
"1";931;0,019957826447465;0;"sample3"
"2";932;0,705380441296285;10;"sample4"
"1";933;0,0355571005698895;1;"sample1"
"2";934;2,2808910022444;7;"sample2"
"1";935;-0,457915254546362;0;"sample3"
"2";936;-1,11411230603182;5;"sample4"
"1";937;0,635591425885391;6;"sample1"
"2";938;-2,29117185746859;1;"sample2"
"1";939;0,397879555048929;3;"sample3"
"2";940;0,0846536588132435;9;"sample4"
"1";941;-0,840879401357632;10;"sample1"
"2";942;-0,333392182424825;2;"sample2"
"1";943;0,269565172190604;3;"sample3"
"2";944;0,131453391917377;10;"sample4"
"1";945;0,894834475429071;8;"sample1"
"2";946;-0,890937744489561;9;"sample2"
"1";947;0,568656985888811;4;"sample3"
"2";948;-0,0444264998549167;6;"sample4"
"1";949;0,64022563615658;0;"sample1"
"2";950;0,154194702822251;1;"sample2"
"1";951;-1,67277499849529;5;"sample3"
"2";952;-1,73451512696522;3;"sample4"
"1";953;1,6231705300787;3;"sample1"
"2";954;0,362846669521089;2;"sample2"
"1";955;-0,100464677154066;7;"sample3"
"2";956;0,521760481057846;2;"sample4"
"1";957;-0,36357172648094;0;"sample1"
"2";958;0,315525446954242;9;"sample2"
"1";959;1,75963873482879;8;"sample3"
"2";960;0,0101804636196468;6;"sample4"
"1";961;0,0457692840832041;2;"sample1"
"2";962;-1,51135917555726;1;"sample2"
"1";963;-0,762232064538506;4;"sample3"
"2";964;-0,758438294410653;6;"sample4"
"1";965;1,00707778822776;6;"sample1"
"2";966;1,06284982612875;1;"sample2"
"1";967;-1,04030390391966;10;"sample3"
"2";968;-1,3197531140478;6;"sample4"
"1";969;-1,3261683144304;5;"sample1"
"2";970;-0,485558609722019;1;"sample2"
"1";971;0,876878496242065;8;"sample3"
"2";972;0,479959768645507;7;"sample4"
"1";973;-1,17619012003612;1;"sample1"
"2";974;-0,889061846313836;7;"sample2"
"1";975;-1,18897315772036;5;"sample3"
"2";976;0,998734830000231;10;"sample4"
"1";977;0,140384054026857;10;"sample1"
"2";978;-1,21001809602776;7;"sample2"
"1";979;0,0472055044926684;0;"sample3"
"2";980;-0,623324589127249;10;"sample4"
"1";981;-0,949695464535028;3;"sample1"
"2";982;0,239359481265468;2;"sample2"
"1";983;-0,256086101408088;3;"sample3"
"2";984;-0,337486189358097;0;"sample4"
"1";985;1,64906159367632;0;"sample1"
"2";986;1,11537793989974;1;"sample2"
"1";987;0,191294419482938;10;"sample3"
"2";988;0,329173534119183;10;"sample4"
"1";989;0,642926264907186;5;"sample1"
"2";990;-0,238414367396431;0;"sample2"
"1";991;-0,296044249812235;8;"sample3"
"2";992;1,04428472226571;8;"sample4"
"1";993;-0,598254200755759;8;"sample1"
"2";994;-0,0769021455986248;2;"sample2"
"1";995;0,945663754850527;0;"sample3"
"2";996;0,452156505296683;2;"sample4"
"1";997;0,685991604568206;4;"sample1"
"2";998;-0,331700465801657;1;"sample2"
"1";999;-0,779618011263208;4;"sample3"
"2";1000;-2,05917147258044;1;"sample4"
"1";1001;-0,0280918771597979;5;"sample1"
"2";1002;-1,50391236459592;5;"sample2"
"1";1003;1,66507616816403;2;"sample3"
"2";1004;0,684485542526276;5;"sample4"
"1";1005;0,661249738876853;1;"sample1"
"2";1006;-0,831049221207629;5;"sample2"
"1";1007;1,15403124229218;2;"sample3"
"2";1008;0,910700652220169;1;"sample4"
"1";1009;1,11631071162988;7;"sample1"
"2";1010;0,269967545646255;3;"sample2"
"1";1011;-1,53422792684776;1;"sample3"
"2";1012;-0,400510939838979;3;"sample4"
"1";1013;0,0481978591570868;10;"sample1"
"2";1014;1,27440980026062;2;"sample2"
"1";1015;-0,346111003046842;9;"sample3"
"2";1016;-1,1391139725345;9;"sample4"
"1";1017;0,372785476209811;0;"sample1"
"2";1018;-0,763075169995604;1;"sample2"
"1";1019;1,93599988130982;5;"sample3"
"2";1020;0,333658262817422;10;"sample4"
"1";1021;0,325056241063276;10;"sample1"
"2";1022;1,10545756669199;9;"sample2"
"1";1023;0,095545601902641;6;"sample3"
"2";1024;0,742007120524048;5;"sample4"
"1";1025;0,953880785085097;0;"sample1"
"2";1026;1,10973256239061;10;"sample2"
"1";1027;-1,62195158757159;2;"sample3"
"2";1028;0,658547682225466;1;"sample4"
"1";1029;1,25745093812131;0;"sample1"
"2";1030;-1,49639832750061;4;"sample2"
"1";1031;-0,820910715027185;1;"sample3"
"2";1032;0,506276913934291;4;"sample4"
"1";1033;0,23572149423839;10;"sample1"
"2";1034;-0,202681050559824;3;"sample2"
"1";1035;1,20804814202179;1;"sample3"
"2";1036;-1,33834271621284;6;"sample4"
"1";1037;-0,435303059462488;6;"sample1"
"2";1038;-1,31650198259724;0;"sample2"
"1";1039;0,703178471315986;8;"sample3"
"2";1040;0,118478160612011;8;"sample4"
"1";1041;1,03778238930908;3;"sample1"
"2";1042;1,43016930970907;10;"sample2"
"1";1043;1,54597521560385;9;"sample3"
"2";1044;-0,775401102639308;0;"sample4"
"1";1045;-0,0431042421144453;4;"sample1"
"2";1046;1,49298369434883;1;"sample2"
"1";1047;0,775414678336693;7;"sample3"
"2";1048;-0,0695025315574329;3;"sample4"
"1";1049;-1,98491198034424;7;"sample1"
"2";1050;-2,34507206831646;3;"sample2"
"1";1051;0,212592657043293;3;"sample3"
"2";1052;0,0813956711086178;0;"sample4"
"1";1053;0,0457165019007442;10;"sample1"
"2";1054;-0,314509892107521;6;"sample2"
"1";1055;-0,518070561260291;8;"sample3"
"2";1056;1,30357383323781;9;"sample4"
"1";1057;0,0422947386362454;6;"sample1"
"2";1058;-0,564469359150155;0;"sample2"
"1";1059;-0,512589514893976;7;"sample3"
"2";1060;-0,204414056851158;1;"sample4"
"1";1061;-0,219864272887004;0;"sample1"
"2";1062;0,714827571360886;4;"sample2"
"1";1063;-0,240570637309807;2;"sample3"
"2";1064;0,802264318421958;8;"sample4"
"1";1065;1,25155508584581;2;"sample1"
"2";1066;-0,452881171233607;7;"sample2"
"1";1067;0,502571731145695;3;"sample3"
"2";1068;0,191890792322588;1;"sample4"
"1";1069;-0,311564058581233;7;"sample1"
"2";1070;1,34672641134303;4;"sample2"
"1";1071;-1,78708923044763;10;"sample3"
"2";1072;0,0381973073635061;9;"sample4"
"1";1073;0,312146174151581;5;"sample1"
"2";1074;-0,293417670617781;1;"sample2"
"1";1075;0,049119350037458;10;"sample3"
"2";1076;-0,4846938012906;3;"sample4"
"1";1077;1,60628078453387;6;"sample1"
"2";1078;-0,475391969698301;6;"sample2"
"1";1079;0,460301810246787;6;"sample3"
"2";1080;-0,123260506205429;2;"sample4"
"1";1081;-0,00440177731488899;6;"sample1"
"2";1082;-0,553193863571977;3;"sample2"
"1";1083;-0,855731877900883;1;"sample3"
"2";1084;-2,77821788887501;10;"sample4"
"1";1085;-0,354253471127347;9;"sample1"
"2";1086;0,638604519099092;7;"sample2"
"1";1087;-0,392501317414602;0;"sample3"
"2";1088;-1,74364599882064;4;"sample4"
"1";1089;0,767715325988483;1;"sample1"
"2";1090;1,15681509878162;7;"sample2"
"1";1091;0,0782974633166107;5;"sample3"
"2";1092;0,4613474430288;2;"sample4"
"1";1093;0,328766087496131;3;"sample1"
"2";1094;0,420934755930618;7;"sample2"
"1";1095;-1,74816720371245;6;"sample3"
"2";1096;0,645328282238945;2;"sample4"
"1";1097;-0,0781541439067472;10;"sample1"
"2";1098;0,0467900958382684;1;"sample2"
"1";1099;-1,65471656483519;0;"sample3"
"2";1100;-0,417986523360917;5;"sample4"
"1";1101;0,681063129470285;4;"sample1"
"2";1102;-1,40760824535379;7;"sample2"
"1";1103;-1,01793818611207;8;"sample3"
"2";1104;-0,81866203070233;10;"sample4"
"1";1105;0,404287267539306;9;"sample1"
"2";1106;0,187550731788827;1;"sample2"
"1";1107;1,1134423359442;1;"sample3"
"2";1108;-0,734315028089569;0;"sample4"
"1";1109;-2,17479648747465;10;"sample1"
"2";1110;-1,0064909847632;10;"sample2"
"1";1111;0,838747972909228;3;"sample3"
"2";1112;-0,540055160724196;2;"sample4"
"1";1113;0,715772890717763;3;"sample1"
"2";1114;0,415710186808943;1;"sample2"
"1";1115;-1,21110607214348;6;"sample3"
"2";1116;-2,3717064300464;2;"sample4"
"1";1117;1,6452927743785;2;"sample1"
"2";1118;0,999010929376257;1;"sample2"
"1";1119;0,698621235241386;6;"sample3"
"2";1120;-1,7449787857748;4;"sample4"
"1";1121;-0,216324563912478;5;"sample1"
"2";1122;-1,25730830074096;5;"sample2"
"1";1123;0,343329577392502;6;"sample3"
"2";1124;0,17623804102148;9;"sample4"
"1";1125;0,871713572665177;8;"sample1"
"2";1126;1,41923917625091;1;"sample2"
"1";1127;0,749259255691612;6;"sample3"
"2";1128;1,41065588001192;8;"sample4"
"1";1129;-1,46879385333452;6;"sample1"
"2";1130;0,610749697643027;1;"sample2"
"1";1131;1,253151631838;0;"sample3"
"2";1132;1,43079433704104;0;"sample4"
"1";1133;-0,276738537049515;7;"sample1"
"2";1134;0,410548099707044;1;"sample2"
"1";1135;1,70933974831633;8;"sample3"
"2";1136;-0,23174327101456;1;"sample4"
"1";1137;0,549906150312617;4;"sample1"
"2";1138;-1,36354041776382;5;"sample2"
"1";1139;-0,196881941416921;3;"sample3"
"2";1140;0,172259921953859;10;"sample4"
"1";1141;0,642693645657464;2;"sample1"
"2";1142;-0,880803204048644;3;"sample2"
"1";1143;1,30062145216531;2;"sample3"
"2";1144;-0,510075221368228;0;"sample4"
"1";1145;0,983606513661023;7;"sample1"
"2";1146;-1,09279682967405;7;"sample2"
"1";1147;-1,44943951039572;8;"sample3"
"2";1148;-0,883892292609228;5;"sample4"
"1";1149;-1,20308508954624;6;"sample1"
"2";1150;0,117945562435387;0;"sample2"
"1";1151;0,215309355657001;8;"sample3"
"2";1152;-1,89003913310238;8;"sample4"
"1";1153;0,0489232346627224;6;"sample1"
"2";1154;-2,16529298839739;7;"sample2"
"1";1155;-1,54951409697969;0;"sample3"
"2";1156;-1,7307435152343;6;"sample4"
"1";1157;-0,624292371125926;3;"sample1"
"2";1158;0,108479168957005;6;"sample2"
"1";1159;0,252401278116901;8;"sample3"
"2";1160;0,276448197109589;2;"sample4"
"1";1161;0,132539545376553;9;"sample1"
"2";1162;-0,649017599355002;6;"sample2"
"1";1163;1,4889613890148;5;"sample3"
"2";1164;0,850345513338664;9;"sample4"
"1";1165;0,721883018745562;9;"sample1"
"2";1166;0,321193065672562;7;"sample2"
"1";1167;-1,3232797478729;4;"sample3"
"2";1168;0,357006568833739;3;"sample4"
"1";1169;0,650877645032902;3;"sample1"
"2";1170;-0,454185876241066;5;"sample2"
"1";1171;-1,06993767276043;0;"sample3"
"2";1172;0,143193693650961;9;"sample4"
"1";1173;-2,86967799357611;2;"sample1"
"2";1174;-2,22606212584671;1;"sample2"
"1";1175;0,721008607032337;8;"sample3"
"2";1176;1,43069795516794;8;"sample4"
"1";1177;1,53530637286187;2;"sample1"
"2";1178;0,838765784727452;10;"sample2"
"1";1179;-0,337851593167806;6;"sample3"
"2";1180;-0,44071117537991;7;"sample4"
"1";1181;-1,59128108234722;3;"sample1"
"2";1182;-0,302741635953981;9;"sample2"
"1";1183;-0,672988871735373;1;"sample3"
"2";1184;1,37355986666103;8;"sample4"
"1";1185;0,874904577015289;9;"sample1"
"2";1186;1,58621101506308;1;"sample2"
"1";1187;0,181547856025128;2;"sample3"
"2";1188;-0,764804170836701;10;"sample4"
"1";1189;-0,515305559586961;10;"sample1"
"2";1190;-0,533897775292569;6;"sample2"
"1";1191;0,771942704175582;2;"sample3"
"2";1192;0,587868430273248;2;"sample4"
"1";1193;-1,15974678034861;8;"sample1"
"2";1194;0,85498811844244;8;"sample2"
"1";1195;-0,496084891106385;9;"sample3"
"2";1196;-1,82477631246371;9;"sample4"
"1";1197;-0,0214557451503449;7;"sample1"
"2";1198;-1,05316892398262;8;"sample2"
"1";1199;0,78718860289082;1;"sample3"
"2";1200;0,550013193516424;2;"sample4"
"1";1201;2,02850319068445;10;"sample1"
"2";1202;1,14235683729644;1;"sample2"
"1";1203;0,976451512049535;3;"sample3"
"2";1204;0,0284615673083377;7;"sample4"
"1";1205;0,99659849565256;8;"sample1"
"2";1206;-0,490284698807504;8;"sample2"
"1";1207;-0,338376243590239;10;"sample3"
"2";1208;0,827269474717455;5;"sample4"
"1";1209;-0,696041521582532;4;"sample1"
"2";1210;0,926224423094834;6;"sample2"
"1";1211;-1,38978630187254;2;"sample3"
"2";1212;-0,120201247122547;7;"sample4"
"1";1213;0,0200018039994934;1;"sample1"
"2";1214;-0,708736389099852;4;"sample2"
"1";1215;-0,580700489766436;7;"sample3"
"2";1216;-0,424563975450217;4;"sample4"
"1";1217;-0,89356706435708;8;"sample1"
"2";1218;0,397890178171023;4;"sample2"
"1";1219;0,29998366932641;10;"sample3"
"2";1220;0,950791076770704;9;"sample4"
"1";1221;-0,329811511966569;5;"sample1"
"2";1222;0,161415715386886;10;"sample2"
"1";1223;1,17177895774775;7;"sample3"
"2";1224;-1,80613399921138;3;"sample4"
"1";1225;-0,138599010565806;0;"sample1"
"2";1226;0,217432713540041;8;"sample2"
"1";1227;0,372332486003477;8;"sample3"
"2";1228;-0,839434301415914;5;"sample4"
"1";1229;-0,549027012005302;6;"sample1"
"2";1230;1,58852829107387;9;"sample2"
"1";1231;-1,38199827986549;5;"sample3"
"2";1232;-0,504094590541949;1;"sample4"
"1";1233;0,410582512118387;9;"sample1"
"2";1234;0,511502212018112;8;"sample2"
"1";1235;0,388608523627909;10;"sample3"
"2";1236;-0,551196138238755;2;"sample4"
"1";1237;-1,70054648998263;7;"sample1"
"2";1238;0,513946995465014;9;"sample2"
"1";1239;0,661755016847326;0;"sample3"
"2";1240;-1,33640009719414;4;"sample4"
"1";1241;0,701941082862916;6;"sample1"
"2";1242;-1,3345208346878;3;"sample2"
"1";1243;0,557073265569988;10;"sample3"
"2";1244;0,865618097274723;7;"sample4"
"1";1245;2,18291419378969;7;"sample1"
"2";1246;-0,30603193202293;8;"sample2"
"1";1247;0,0947527991793958;1;"sample3"
"2";1248;0,320539233920155;6;"sample4"
"1";1249;-0,251352539565716;8;"sample1"
"2";1250;0,275516004948206;9;"sample2"
"1";1251;0,438626096879787;10;"sample3"
"2";1252;-0,109494620747017;5;"sample4"
"1";1253;-1,01368730445991;6;"sample1"
"2";1254;0,521283064839491;1;"sample2"
"1";1255;0,632881386951966;10;"sample3"
"2";1256;1,37274228086123;4;"sample4"
"1";1257;0,429349633460603;8;"sample1"
"2";1258;-0,478375156167987;5;"sample2"
"1";1259;-1,71831248518322;2;"sample3"
"2";1260;-2,71246560715874;3;"sample4"
"1";1261;-0,605692281354006;4;"sample1"
"2";1262;1,42266941376609;9;"sample2"
"1";1263;0,816931694042092;1;"sample3"
"2";1264;1,06289296247888;10;"sample4"
"1";1265;0,309828179255608;7;"sample1"
"2";1266;0,717199827781741;10;"sample2"
"1";1267;1,66109164742838;7;"sample3"
"2";1268;0,508805722697432;8;"sample4"
"1";1269;0,134123083678473;2;"sample1"
"2";1270;1,39897014482424;5;"sample2"
"1";1271;1,08736090972191;9;"sample3"
"2";1272;-0,0454149452075765;0;"sample4"
"1";1273;0,67248316336398;7;"sample1"
"2";1274;-0,481901381934523;6;"sample2"
"1";1275;1,20724762223214;1;"sample3"
"2";1276;-0,324555533319183;8;"sample4"
"1";1277;-2,84894851596828;0;"sample1"
"2";1278;1,40503485315298;4;"sample2"
"1";1279;0,817165375713081;7;"sample3"
"2";1280;0,72548427746251;5;"sample4"
"1";1281;1,3863912330179;7;"sample1"
"2";1282;0,150259616462908;6;"sample2"
"1";1283;-0,325296811507824;9;"sample3"
"2";1284;-1,52725701290143;10;"sample4"
"1";1285;-0,913213579239161;0;"sample1"
"2";1286;0,848693097184749;10;"sample2"
"1";1287;0,321746822840386;1;"sample3"
"2";1288;0,943476462921743;3;"sample4"
"1";1289;-0,631895973307137;6;"sample1"
"2";1290;-0,444873004966964;0;"sample2"
"1";1291;2,38039657456947;5;"sample3"
"2";1292;-0,83127205402224;5;"sample4"
"1";1293;1,25304358102814;5;"sample1"
"2";1294;-0,957471812272197;4;"sample2"
"1";1295;0,369011157839719;9;"sample3"
"2";1296;1,32388113068787;8;"sample4"
"1";1297;0,174899093052854;4;"sample1"
"2";1298;0,29180456222248;1;"sample2"
"1";1299;-0,355231371469664;3;"sample3"
"2";1300;-0,67230865425932;6;"sample4"
"1";1301;0,886918064775243;7;"sample1"
"2";1302;-0,950651109012466;2;"sample2"
"1";1303;-1,5497912260377;8;"sample3"
"2";1304;-0,807796715890806;6;"sample4"
"1";1305;0,0208109089004399;8;"sample1"
"2";1306;0,805129947167271;3;"sample2"
"1";1307;0,203770217109101;10;"sample3"
"2";1308;-0,101682268434013;9;"sample4"
"1";1309;-0,185734608094041;1;"sample1"
"2";1310;2,7290043579918;10;"sample2"
"1";1311;1,64751399083798;6;"sample3"
"2";1312;0,837065509165687;5;"sample4"
"1";1313;-0,0586462283236441;0;"sample1"
"2";1314;-0,835972560272162;7;"sample2"
"1";1315;0,0803456777517768;6;"sample3"
"2";1316;-0,868122672207064;4;"sample4"
"1";1317;0,112932884329815;0;"sample1"
"2";1318;0,181821477082471;1;"sample2"
"1";1319;1,32436094893153;5;"sample3"
"2";1320;-1,74944015922986;8;"sample4"
"1";1321;0,795523484967869;10;"sample1"
"2";1322;0,0943657744026869;5;"sample2"
"1";1323;0,206538090627327;0;"sample3"
"2";1324;0,457279805461748;7;"sample4"
"1";1325;0,418894241890404;7;"sample1"
"2";1326;1,04394078811285;9;"sample2"
"1";1327;-0,0782026133884693;0;"sample3"
"2";1328;-0,489698972621762;0;"sample4"
"1";1329;-2,08834669657001;10;"sample1"
"2";1330;-0,705914668845869;4;"sample2"
"1";1331;-0,509078359514698;1;"sample3"
"2";1332;-0,93282656946678;7;"sample4"
"1";1333;0,922288994377715;5;"sample1"
"2";1334;1,23631234463122;3;"sample2"
"1";1335;1,00122620728366;1;"sample3"
"2";1336;0,24284358481442;8;"sample4"
"1";1337;-0,00870995479336566;9;"sample1"
"2";1338;0,752202106269899;2;"sample2"
"1";1339;-0,511372175050925;4;"sample3"
"2";1340;-2,02699503139023;5;"sample4"
"1";1341;-0,223609748930063;5;"sample1"
"2";1342;0,0187827963752285;2;"sample2"
"1";1343;1,86669090391329;9;"sample3"
"2";1344;-0,903489143710709;6;"sample4"
"1";1345;-0,579848690310707;3;"sample1"
"2";1346;-1,53330358083259;0;"sample2"
"1";1347;-0,445680198843742;3;"sample3"
"2";1348;0,565368545946029;8;"sample4"
"1";1349;1,27918099520953;9;"sample1"
"2";1350;-0,638755383727091;9;"sample2"
"1";1351;2,15739589384996;4;"sample3"
"2";1352;-0,235365144573671;2;"sample4"
"1";1353;-0,115112646730546;4;"sample1"
"2";1354;-0,675271718869619;1;"sample2"
"1";1355;0,689563614218049;9;"sample3"
"2";1356;-0,343644553175764;0;"sample4"
"1";1357;-0,245939645433312;4;"sample1"
"2";1358;-0,926988480534062;7;"sample2"
"1";1359;-0,0303855705468354;7;"sample3"
"2";1360;-0,605771438604725;1;"sample4"
"1";1361;-0,338609907717816;8;"sample1"
"2";1362;0,600016521732026;9;"sample2"
"1";1363;-0,0160630998852848;0;"sample3"
"2";1364;-1,9884044935265;8;"sample4"
"1";1365;0,634034838149896;6;"sample1"
"2";1366;-2,83670060771193;7;"sample2"
"1";1367;-1,2859269883232;6;"sample3"
"2";1368;0,148590856405222;2;"sample4"
"1";1369;0,0295432179865625;4;"sample1"
"2";1370;-1,15543952020488;1;"sample2"
"1";1371;1,04039322334508;3;"sample3"
"2";1372;1,56087810465413;5;"sample4"
"1";1373;0,688229926711031;0;"sample1"
"2";1374;-1,26068119269724;7;"sample2"
"1";1375;0,664338145976455;7;"sample3"
"2";1376;0,650877003959501;8;"sample4"
"1";1377;1,00746158609551;0;"sample1"
"2";1378;1,8604858228474;5;"sample2"
"1";1379;-1,71357729038832;0;"sample3"
"2";1380;1,50100276309346;7;"sample4"
"1";1381;-0,337379160043401;0;"sample1"
"2";1382;-1,35516913656748;6;"sample2"
"1";1383;1,39957144008261;8;"sample3"
"2";1384;0,827470468166172;0;"sample4"
"1";1385;0,293539777549708;6;"sample1"
"2";1386;0,525439263058905;2;"sample2"
"1";1387;-0,705489928023994;7;"sample3"
"2";1388;0,89886327174125;4;"sample4"
"1";1389;0,13430315973075;1;"sample1"
"2";1390;-0,214752604667122;10;"sample2"
"1";1391;0,104762442416634;9;"sample3"
"2";1392;0,179281156429505;4;"sample4"
"1";1393;0,288236126630856;5;"sample1"
"2";1394;0,177373479963277;0;"sample2"
"1";1395;-0,115063123163484;5;"sample3"
"2";1396;1,24053682205563;1;"sample4"
"1";1397;-0,202181270735198;7;"sample1"
"2";1398;-0,379963481533582;7;"sample2"
"1";1399;-0,0158182304789625;3;"sample3"
"2";1400;-1,53855636735284;3;"sample4"
"1";1401;-0,613655677785893;6;"sample1"
"2";1402;1,58299946785486;8;"sample2"
"1";1403;0,409913132122304;5;"sample3"
"2";1404;0,262323545787831;8;"sample4"
"1";1405;0,788409321290107;1;"sample1"
"2";1406;-1,46271018129415;3;"sample2"
"1";1407;-2,17988331287723;2;"sample3"
"2";1408;-0,573376828508613;3;"sample4"
"1";1409;-0,0669126267799298;1;"sample1"
"2";1410;0,736872277958233;7;"sample2"
"1";1411;-0,447473623945209;3;"sample3"
"2";1412;-1,3705216323814;2;"sample4"
"1";1413;-1,50984634728642;4;"sample1"
"2";1414;-0,723482191809889;0;"sample2"
"1";1415;1,62102679129916;4;"sample3"
"2";1416;-0,493944541343084;7;"sample4"
"1";1417;0,328590446639765;4;"sample1"
"2";1418;0,147475893111369;3;"sample2"
"1";1419;1,86347731031308;10;"sample3"
"2";1420;-0,400937077673078;8;"sample4"
"1";1421;-0,312214132449962;4;"sample1"
"2";1422;0,192476014467005;3;"sample2"
"1";1423;-0,0437383303292158;10;"sample3"
"2";1424;0,520194510832574;1;"sample4"
"1";1425;0,262958391372681;5;"sample1"
"2";1426;-0,91484004592582;6;"sample2"
"1";1427;-0,933520851761095;3;"sample3"
"2";1428;0,465897014278063;5;"sample4"
"1";1429;-1,94303116551751;2;"sample1"
"2";1430;0,570929850034363;10;"sample2"
"1";1431;-0,578681173657375;3;"sample3"
"2";1432;2,62796564680819;3;"sample4"
"1";1433;-0,663525615536062;0;"sample1"
"2";1434;0,732449986693177;0;"sample2"
"1";1435;-0,0342095164510658;9;"sample3"
"2";1436;-2,88106606045116;9;"sample4"
"1";1437;-0,371975026758917;4;"sample1"
"2";1438;0,927705471272996;8;"sample2"
"1";1439;-0,314192986923019;1;"sample3"
"2";1440;-0,848114196490961;6;"sample4"
"1";1441;0,601966598647889;0;"sample1"
"2";1442;-0,102405664255204;8;"sample2"
"1";1443;1,68745711827938;1;"sample3"
"2";1444;1,04075423728705;9;"sample4"
"1";1445;0,694019224128443;3;"sample1"
"2";1446;0,369059927086698;5;"sample2"
"1";1447;1,79318184671446;2;"sample3"
"2";1448;-1,57394740908319;9;"sample4"
"1";1449;-0,313331605929729;3;"sample1"
"2";1450;-1,56159210013932;9;"sample2"
"1";1451;-2,505055876284;5;"sample3"
"2";1452;-0,38373789310907;3;"sample4"
"1";1453;0,668856835209186;5;"sample1"
"2";1454;0,505758008149612;1;"sample2"
"1";1455;0,492964907595197;7;"sample3"
"2";1456;-1,00901075272128;1;"sample4"
"1";1457;0,187685365221554;0;"sample1"
"2";1458;-0,690362744411139;3;"sample2"
"1";1459;0,109819065400895;7;"sample3"
"2";1460;0,0122910375463546;0;"sample4"
"1";1461;-0,0288541104475744;1;"sample1"
"2";1462;-1,61420741087256;3;"sample2"
"1";1463;-0,541989745907962;10;"sample3"
"2";1464;0,229636478901597;7;"sample4"
"1";1465;-0,220751956279138;7;"sample1"
"2";1466;2,30972717216396;0;"sample2"
"1";1467;0,70198342943283;1;"sample3"
"2";1468;-1,28814229097541;4;"sample4"
"1";1469;-1,14153578091683;9;"sample1"
"2";1470;0,948514915967568;2;"sample2"
"1";1471;-0,245400239675173;10;"sample3"
"2";1472;-1,20694228188842;0;"sample4"
"1";1473;-1,00566264851253;1;"sample1"
"2";1474;0,118098687693705;0;"sample2"
"1";1475;0,139305536491867;2;"sample3"
"2";1476;-2,3342016539117;9;"sample4"
"1";1477;-1,15098250883766;0;"sample1"
"2";1478;0,413759493653065;1;"sample2"
"1";1479;0,214807299374274;0;"sample3"
"2";1480;0,719821345689562;6;"sample4"
"1";1481;-0,324250214400837;6;"sample1"
"2";1482;-2,04296212812621;5;"sample2"
"1";1483;1,37114998364234;1;"sample3"
"2";1484;-0,441275494884705;3;"sample4"
"1";1485;0,977076534266215;10;"sample1"
"2";1486;0,308015836799436;10;"sample2"
"1";1487;-2,01995504641872;7;"sample3"
"2";1488;-0,314631936477684;1;"sample4"
"1";1489;-0,601286916651018;3;"sample1"
"2";1490;-0,047519843342697;8;"sample2"
"1";1491;2,58548512324479;4;"sample3"
"2";1492;2,251771776773;7;"sample4"
"1";1493;0,35614448259829;3;"sample1"
"2";1494;-0,44673208597011;1;"sample2"
"1";1495;0,0388070640061505;0;"sample3"
"2";1496;0,193896886459507;5;"sample4"
"1";1497;0,931170705674515;2;"sample1"
"2";1498;0,863929651420166;8;"sample2"
"1";1499;-0,130756543042923;4;"sample3"
"2";1500;0,592926214793854;8;"sample4"
"1";1501;0,0687156754176828;2;"sample1"
"2";1502;-2,18230942464883;9;"sample2"
"1";1503;1,23403717146183;1;"sample3"
"2";1504;1,24109490389772;7;"sample4"
"1";1505;0,718942706976;9;"sample1"
"2";1506;0,587237241910171;4;"sample2"
"1";1507;-0,378549945122377;2;"sample3"
"2";1508;-0,627633352471613;10;"sample4"
"1";1509;0,43362774616691;8;"sample1"
"2";1510;0,571372737521045;3;"sample2"
"1";1511;1,3733860996454;8;"sample3"
"2";1512;-0,095934693539369;10;"sample4"
"1";1513;0,473349583616185;5;"sample1"
"2";1514;0,575205127442228;0;"sample2"
"1";1515;1,76021209651689;0;"sample3"
"2";1516;-1,14978088599645;2;"sample4"
"1";1517;0,385503016417979;7;"sample1"
"2";1518;1,39226156377866;3;"sample2"
"1";1519;-0,36388540893617;5;"sample3"
"2";1520;-1,3704851260885;0;"sample4"
"1";1521;1,15913544211125;2;"sample1"
"2";1522;-0,113318505854195;1;"sample2"
"1";1523;0,395282678631389;5;"sample3"
"2";1524;-0,430550510392762;0;"sample4"
"1";1525;-0,0199840829224723;4;"sample1"
"2";1526;0,044033301182234;3;"sample2"
"1";1527;-2,70228670490893;9;"sample3"
"2";1528;0,26275534976776;9;"sample4"
"1";1529;0,516781950203048;8;"sample1"
"2";1530;0,778377958926088;2;"sample2"
"1";1531;0,310020364499744;10;"sample3"
"2";1532;0,0457558019625184;1;"sample4"
"1";1533;-0,25090453403106;3;"sample1"
"2";1534;0,208270440912696;1;"sample2"
"1";1535;1,04629359754824;7;"sample3"
"2";1536;0,290851743697133;6;"sample4"
"1";1537;1,21956837836315;0;"sample1"
"2";1538;-1,08973826737608;4;"sample2"
"1";1539;-0,216472629776351;10;"sample3"
"2";1540;0,374138542762227;8;"sample4"
"1";1541;0,35187074714035;5;"sample1"
"2";1542;1,07474755703339;8;"sample2"
"1";1543;-0,201128683072557;1;"sample3"
"2";1544;0,758388793545988;10;"sample4"
"1";1545;-1,19301124141399;7;"sample1"
"2";1546;0,978740582237347;9;"sample2"
"1";1547;0,147834337689508;3;"sample3"
"2";1548;0,361806488143248;6;"sample4"
"1";1549;-1,36613493688776;5;"sample1"
"2";1550;0,638217824140356;10;"sample2"
"1";1551;0,985143851890807;9;"sample3"
"2";1552;-1,50648356774757;6;"sample4"
"1";1553;0,0146184629259493;5;"sample1"
"2";1554;-0,754529148104108;8;"sample2"
"1";1555;-0,754773859283147;4;"sample3"
"2";1556;-0,811728742939567;6;"sample4"
"1";1557;-1,89999343883902;10;"sample1"
"2";1558;-0,0207482462152059;7;"sample2"
"1";1559;0,12375985841372;1;"sample3"
"2";1560;-0,156311618854068;5;"sample4"
"1";1561;1,24673113995908;4;"sample1"
"2";1562;0,535302337694404;8;"sample2"
"1";1563;1,65496316676223;7;"sample3"
"2";1564;-0,87692200536951;0;"sample4"
"1";1565;1,42689375124504;4;"sample1"
"2";1566;-0,0830782135162814;3;"sample2"
"1";1567;-0,752963326669446;9;"sample3"
"2";1568;-0,464904985178448;3;"sample4"
"1";1569;0,797012779714259;10;"sample1"
"2";1570;-1,30895114612384;10;"sample2"
"1";1571;0,881125954557275;10;"sample3"
"2";1572;-0,525129695985701;10;"sample4"
"1";1573;1,66628532832908;2;"sample1"
"2";1574;-0,644567260055748;8;"sample2"
"1";1575;0,0293815035542634;2;"sample3"
"2";1576;-1,15695755169518;0;"sample4"
"1";1577;-0,656106193818534;2;"sample1"
"2";1578;0,937301277477005;0;"sample2"
"1";1579;-0,517092945448181;10;"sample3"
"2";1580;0,609216550089746;5;"sample4"
"1";1581;3,31996197797748;0;"sample1"
"2";1582;0,606555556136508;6;"sample2"
"1";1583;0,29373978228322;10;"sample3"
"2";1584;-0,091560653208759;4;"sample4"
"1";1585;0,464745257137949;9;"sample1"
"2";1586;-1,62559175901204;5;"sample2"
"1";1587;0,562324719432772;3;"sample3"
"2";1588;0,875648105571106;2;"sample4"
"1";1589;-0,267769217430382;2;"sample1"
"2";1590;0,538649677496362;2;"sample2"
"1";1591;-0,0153719126459764;3;"sample3"
"2";1592;-0,822290397912048;6;"sample4"
"1";1593;-1,31744874451189;0;"sample1"
"2";1594;-0,544148394417328;9;"sample2"
"1";1595;0,514758281521393;0;"sample3"
"2";1596;-0,238260577828019;6;"sample4"
"1";1597;-0,93070503027197;4;"sample1"
"2";1598;0,0894532714605146;4;"sample2"
"1";1599;2,58868789943599;8;"sample3"
"2";1600;-1,30262670252491;7;"sample4"
"1";1601;1,14169744232589;0;"sample1"
"2";1602;-1,08638897491685;2;"sample2"
"1";1603;0,962661678384709;0;"sample3"
"2";1604;1,5562453399089;8;"sample4"
"1";1605;-0,449660447965165;10;"sample1"
"2";1606;1,05671582689974;4;"sample2"
"1";1607;-1,22115743009976;8;"sample3"
"2";1608;-1,19532510057338;7;"sample4"
"1";1609;0,450692204152963;9;"sample1"
"2";1610;0,498422901092368;5;"sample2"
"1";1611;1,34934154516422;10;"sample3"
"2";1612;-0,79400318522757;2;"sample4"
"1";1613;-0,894317191468304;0;"sample1"
"2";1614;-0,240892121310453;4;"sample2"
"1";1615;1,97668624435734;4;"sample3"
"2";1616;1,00760266988409;3;"sample4"
"1";1617;-1,33319218120917;2;"sample1"
"2";1618;0,842927550876528;5;"sample2"
"1";1619;-1,55082807222957;4;"sample3"
"2";1620;2,0984495787993;9;"sample4"
"1";1621;0,439303852592425;7;"sample1"
"2";1622;0,299580422530621;1;"sample2"
"1";1623;0,638880772331455;9;"sample3"
"2";1624;-1,33999339655638;1;"sample4"
"1";1625;-0,655983707749707;8;"sample1"
"2";1626;2,08150853468826;5;"sample2"
"1";1627;-0,376416894808363;1;"sample3"
"2";1628;-0,154087952220587;1;"sample4"
"1";1629;0,150652554454847;9;"sample1"
"2";1630;-0,434420479039282;10;"sample2"
"1";1631;0,17596940828215;0;"sample3"
"2";1632;0,867427786825107;1;"sample4"
"1";1633;-0,0909805693079374;4;"sample1"
"2";1634;0,766090171849755;1;"sample2"
"1";1635;2,01155678584277;9;"sample3"
"2";1636;0,376936023825332;7;"sample4"
"1";1637;0,118706084008181;5;"sample1"
"2";1638;2,734899596048;7;"sample2"
"1";1639;0,0149826191397862;1;"sample3"
"2";1640;-0,535711421837873;10;"sample4"
"1";1641;-0,468560843503631;9;"sample1"
"2";1642;0,426612708807829;3;"sample2"
"1";1643;0,442154995985256;9;"sample3"
"2";1644;-0,894967441298653;2;"sample4"
"1";1645;-0,808687902587848;1;"sample1"
"2";1646;1,05250934396055;0;"sample2"
"1";1647;-0,127506748336176;2;"sample3"
"2";1648;0,680019883669765;4;"sample4"
"1";1649;1,11699631603522;0;"sample1"
"2";1650;-0,623476728682448;9;"sample2"
"1";1651;0,765345554849745;3;"sample3"
"2";1652;0,280017332594438;7;"sample4"
"1";1653;-0,398566079119834;3;"sample1"
"2";1654;-0,0545854226306811;3;"sample2"
"1";1655;-0,221112769631053;1;"sample3"
"2";1656;-0,49909050876612;1;"sample4"
"1";1657;0,268968495551175;6;"sample1"
"2";1658;0,267178319000007;4;"sample2"
"1";1659;1,44531585133731;2;"sample3"
"2";1660;-1,24680633470657;2;"sample4"
"1";1661;0,682150803429881;8;"sample1"
"2";1662;-0,349673042235738;1;"sample2"
"1";1663;0,922800963062947;1;"sample3"
"2";1664;0,214818135805653;3;"sample4"
"1";1665;-0,123376761275494;2;"sample1"
"2";1666;-0,347051344987383;9;"sample2"
"1";1667;-1,60206851611204;2;"sample3"
"2";1668;0,915857414929357;7;"sample4"
"1";1669;0,328881709688722;0;"sample1"
"2";1670;0,934253864787607;7;"sample2"
"1";1671;0,670028565842457;6;"sample3"
"2";1672;-0,885775310859924;10;"sample4"
"1";1673;-2,38459280399832;9;"sample1"
"2";1674;-1,38091191106602;2;"sample2"
"1";1675;1,327525522865;10;"sample3"
"2";1676;0,915031522220823;5;"sample4"
"1";1677;0,947734296908211;4;"sample1"
"2";1678;-0,418648999682422;5;"sample2"
"1";1679;-0,0358243375603449;6;"sample3"
"2";1680;-0,379190423640161;0;"sample4"
"1";1681;1,34655458351397;6;"sample1"
"2";1682;0,642373816916461;9;"sample2"
"1";1683;-0,948759043847411;0;"sample3"
"2";1684;-1,40255424342851;1;"sample4"
"1";1685;-0,0348881254456216;10;"sample1"
"2";1686;-0,729108263802113;5;"sample2"
"1";1687;0,160379690175736;1;"sample3"
"2";1688;-0,587642850051406;8;"sample4"
"1";1689;0,465737407158759;6;"sample1"
"2";1690;-0,184366841356785;9;"sample2"
"1";1691;1,99872481013902;4;"sample3"
"2";1692;0,595894911319288;9;"sample4"
"1";1693;0,0133396464484106;10;"sample1"
"2";1694;1,65560797340699;5;"sample2"
"1";1695;0,425330810678999;7;"sample3"
"2";1696;-0,355967209772042;4;"sample4"
"1";1697;0,227719744191251;9;"sample1"
"2";1698;-0,442092915743316;3;"sample2"
"1";1699;-1,0635870235523;5;"sample3"
"2";1700;-0,077461251283364;7;"sample4"
"1";1701;-0,799989841703408;7;"sample1"
"2";1702;-2,14808984176255;8;"sample2"
"1";1703;-0,0218471651725187;0;"sample3"
"2";1704;0,58838325130296;5;"sample4"
"1";1705;1,95832767888834;0;"sample1"
"2";1706;-1,1762480600176;2;"sample2"
"1";1707;-0,436979308547939;3;"sample3"
"2";1708;0,0639685662868623;1;"sample4"
"1";1709;-0,762489553872365;4;"sample1"
"2";1710;-1,45456639120071;9;"sample2"
"1";1711;0,537051095858734;8;"sample3"
"2";1712;-0,544439366731046;3;"sample4"
"1";1713;1,33699617694684;0;"sample1"
"2";1714;0,806028800229448;2;"sample2"
"1";1715;-0,163010326319008;10;"sample3"
"2";1716;-1,84965573070482;9;"sample4"
"1";1717;-0,466688402207405;2;"sample1"
"2";1718;0,189518665820611;1;"sample2"
"1";1719;1,31070468658685;4;"sample3"
"2";1720;-1,08592554337441;10;"sample4"
"1";1721;-0,197794115488465;1;"sample1"
"2";1722;-1,96193447767383;6;"sample2"
"1";1723;0,0502174260130899;0;"sample3"
"2";1724;1,16194953999142;2;"sample4"
"1";1725;0,818518066081077;3;"sample1"
"2";1726;0,878747182361832;7;"sample2"
"1";1727;1,12898828683621;3;"sample3"
"2";1728;-0,426568736789345;8;"sample4"
"1";1729;0,832567130298807;0;"sample1"
"2";1730;-1,07604194803805;8;"sample2"
"1";1731;-2,50308885660051;5;"sample3"
"2";1732;-0,355560038686149;8;"sample4"
"1";1733;0,164511246705071;7;"sample1"
"2";1734;1,20700309634434;0;"sample2"
"1";1735;-0,345356493832913;6;"sample3"
"2";1736;0,571472085512563;7;"sample4"
"1";1737;0,348694848273779;8;"sample1"
"2";1738;0,681993250767264;9;"sample2"
"1";1739;-0,913773767045977;4;"sample3"
"2";1740;-0,480941628922975;3;"sample4"
"1";1741;-0,963104540820575;6;"sample1"
"2";1742;0,158402141580762;4;"sample2"
"1";1743;2,93433813680422;3;"sample3"
"2";1744;0,94249147179154;4;"sample4"
"1";1745;-2,2427235450936;6;"sample1"
"2";1746;0,752263800240868;6;"sample2"
"1";1747;0,527562254331832;10;"sample3"
"2";1748;0,400334370323073;2;"sample4"
"1";1749;-0,276302433098618;0;"sample1"
"2";1750;1,26096585561582;4;"sample2"
"1";1751;-2,27808261854772;3;"sample3"
"2";1752;-0,248414235424233;1;"sample4"
"1";1753;0,4608875153315;4;"sample1"
"2";1754;-0,345374733858161;7;"sample2"
"1";1755;0,330261156121301;10;"sample3"
"2";1756;0,347809266638725;6;"sample4"
"1";1757;-1,42997074870736;3;"sample1"
"2";1758;1,3263591314627;2;"sample2"
"1";1759;-0,696996935072419;0;"sample3"
"2";1760;2,56114996020623;9;"sample4"
"1";1761;0,308841012353609;8;"sample1"
"2";1762;1,55202408979164;2;"sample2"
"1";1763;0,420973386828829;1;"sample3"
"2";1764;-0,361266154866135;1;"sample4"
"1";1765;-0,971285857888871;8;"sample1"
"2";1766;-0,591405055037071;0;"sample2"
"1";1767;-0,65992762922893;1;"sample3"
"2";1768;-0,260067421239422;4;"sample4"
"1";1769;-0,698973288055455;4;"sample1"
"2";1770;-0,964804533496365;6;"sample2"
"1";1771;-1,07115188386385;1;"sample3"
"2";1772;-0,627913206860311;1;"sample4"
"1";1773;1,3471791829403;7;"sample1"
"2";1774;-1,9878595916326;7;"sample2"
"1";1775;0,443358243472078;0;"sample3"
"2";1776;-0,86321793357947;6;"sample4"
"1";1777;-0,841340396450918;10;"sample1"
"2";1778;0,234314829103474;10;"sample2"
"1";1779;-0,543718998608927;2;"sample3"
"2";1780;0,37829346887797;4;"sample4"
"1";1781;-0,506689424843329;3;"sample1"
"2";1782;-0,0449463199534365;10;"sample2"
"1";1783;0,727216761068316;4;"sample3"
"2";1784;0,960251942692387;8;"sample4"
"1";1785;1,71114169965946;3;"sample1"
"2";1786;1,1932249577936;3;"sample2"
"1";1787;-0,766374520114182;10;"sample3"
"2";1788;1,78219644533511;5;"sample4"
"1";1789;1,01018951144907;0;"sample1"
"2";1790;0,204181646195332;5;"sample2"
"1";1791;-0,490653388485407;4;"sample3"
"2";1792;-1,08716667992292;4;"sample4"
"1";1793;-0,689952759902656;3;"sample1"
"2";1794;-0,399996941178487;2;"sample2"
"1";1795;1,06797765672987;5;"sample3"
"2";1796;0,858701814609608;5;"sample4"
"1";1797;0,597290493949072;7;"sample1"
"2";1798;-0,898944664675246;1;"sample2"
"1";1799;1,34190736868995;1;"sample3"
"2";1800;0,565957778486498;6;"sample4"
"1";1801;0,625308210891337;4;"sample1"
"2";1802;0,886482778774008;9;"sample2"
"1";1803;2,47543097096916;9;"sample3"
"2";1804;0,560533308755631;7;"sample4"
"1";1805;-1,70579141427832;5;"sample1"
"2";1806;-0,581851254622421;2;"sample2"
"1";1807;0,0609525200827612;5;"sample3"
"2";1808;-0,533006087108717;4;"sample4"
"1";1809;0,987669481266129;1;"sample1"
"2";1810;0,0581557801007877;1;"sample2"
"1";1811;-0,904842179977623;8;"sample3"
"2";1812;-0,30244842757845;10;"sample4"
"1";1813;0,956593550205802;3;"sample1"
"2";1814;0,936089230475213;2;"sample2"
"1";1815;-0,200259347488553;4;"sample3"
"2";1816;-0,63850813287895;6;"sample4"
"1";1817;-0,882409744693359;1;"sample1"
"2";1818;-2,26988356132497;8;"sample2"
"1";1819;-1,40264876134474;10;"sample3"
"2";1820;-0,353721328796791;5;"sample4"
"1";1821;-1,30743524616038;0;"sample1"
"2";1822;1,26628890092021;3;"sample2"
"1";1823;0,189367198983083;3;"sample3"
"2";1824;-0,673945228380684;5;"sample4"
"1";1825;-0,250887016362581;8;"sample1"
"2";1826;0,949959148373198;3;"sample2"
"1";1827;0,510697394310929;3;"sample3"
"2";1828;1,806925825117;4;"sample4"
"1";1829;0,673119299753055;5;"sample1"
"2";1830;0,189983466319694;8;"sample2"
"1";1831;-1,96030407195916;8;"sample3"
"2";1832;0,608305977779973;6;"sample4"
"1";1833;-1,69093966320779;0;"sample1"
"2";1834;-0,75925358903245;7;"sample2"
"1";1835;-0,962002302075197;8;"sample3"
"2";1836;1,34279430408234;0;"sample4"
"1";1837;-2,02395869689923;4;"sample1"
"2";1838;2,30949360040903;10;"sample2"
"1";1839;-0,242207565148245;9;"sample3"
"2";1840;-1,21029705347464;2;"sample4"
"1";1841;0,0439384211816338;0;"sample1"
"2";1842;-0,161214787775275;6;"sample2"
"1";1843;-0,259173981967754;5;"sample3"
"2";1844;-0,892583888555917;10;"sample4"
"1";1845;-0,0291358459235178;9;"sample1"
"2";1846;-0,775881359127708;0;"sample2"
"1";1847;1,34888809385929;8;"sample3"
"2";1848;-0,229393966903551;6;"sample4"
"1";1849;-0,302489380291759;6;"sample1"
"2";1850;0,0238698762582125;8;"sample2"
"1";1851;0,432837475938936;5;"sample3"
"2";1852;-1,24344910098686;2;"sample4"
"1";1853;-0,045953673123044;7;"sample1"
"2";1854;0,0955833089591772;2;"sample2"
"1";1855;0,392874388948432;9;"sample3"
"2";1856;-0,391474687029805;3;"sample4"
"1";1857;-1,57678517216698;7;"sample1"
"2";1858;-0,837649020965471;9;"sample2"
"1";1859;-1,08438070209812;3;"sample3"
"2";1860;-0,113318258807743;4;"sample4"
"1";1861;-0,817718401702982;7;"sample1"
"2";1862;-1,84050668004453;9;"sample2"
"1";1863;-1,02743623953868;3;"sample3"
"2";1864;1,28468250843676;10;"sample4"
"1";1865;-0,213709176206729;7;"sample1"
"2";1866;-1,25272453960404;6;"sample2"
"1";1867;-0,623626927846475;5;"sample3"
"2";1868;0,662209008957315;9;"sample4"
"1";1869;1,20177973929126;3;"sample1"
"2";1870;-0,56354035909195;8;"sample2"
"1";1871;0,130119142257381;6;"sample3"
"2";1872;0,157671540020656;2;"sample4"
"1";1873;1,63121389665961;7;"sample1"
"2";1874;-0,946023176148576;10;"sample2"
"1";1875;0,86887313336604;5;"sample3"
"2";1876;0,377137689851721;9;"sample4"
"1";1877;0,177347676739501;10;"sample1"
"2";1878;0,161710566322216;4;"sample2"
"1";1879;-1,386007961388;6;"sample3"
"2";1880;0,361066153426886;3;"sample4"
"1";1881;0,978933769448187;5;"sample1"
"2";1882;1,83024341910736;5;"sample2"
"1";1883;0,964596854015934;10;"sample3"
"2";1884;-0,635742162723346;8;"sample4"
"1";1885;1,31782215656071;10;"sample1"
"2";1886;1,88689891806732;6;"sample2"
"1";1887;-1,43398070963238;6;"sample3"
"2";1888;-1,31167975912209;6;"sample4"
"1";1889;1,49299855681988;3;"sample1"
"2";1890;0,661102581471446;10;"sample2"
"1";1891;0,979211020113327;8;"sample3"
"2";1892;-0,155869122339949;9;"sample4"
"1";1893;0,126372824507398;0;"sample1"
"2";1894;-1,35894242824055;6;"sample2"
"1";1895;0,816053978785537;3;"sample3"
"2";1896;1,07089632736437;4;"sample4"
"1";1897;-0,573798834990209;3;"sample1"
"2";1898;1,72845996149796;0;"sample2"
"1";1899;0,109680631676333;6;"sample3"
"2";1900;0,338797023560768;0;"sample4"
"1";1901;0,795136580399011;2;"sample1"
"2";1902;0,359771204406354;0;"sample2"
"1";1903;1,21755092785197;1;"sample3"
"2";1904;0,109361401916699;9;"sample4"
"1";1905;0,377073275929927;2;"sample1"
"2";1906;-0,953133937174931;1;"sample2"
"1";1907;-1,32132640069648;7;"sample3"
"2";1908;0,546910874883128;0;"sample4"
"1";1909;1,77615426038075;1;"sample1"
"2";1910;-1,17634079235757;0;"sample2"
"1";1911;0,748416936631205;6;"sample3"
"2";1912;0,0409025457523137;9;"sample4"
"1";1913;1,49950215115875;4;"sample1"
"2";1914;0,924029328182458;8;"sample2"
"1";1915;0,274374860188488;6;"sample3"
"2";1916;1,07302923883127;1;"sample4"
"1";1917;-1,55195449419749;0;"sample1"
"2";1918;0,780631876418267;6;"sample2"
"1";1919;1,48576528473082;5;"sample3"
"2";1920;-0,393751577198228;0;"sample4"
"1";1921;0,165511163534987;1;"sample1"
"2";1922;0,156553208407009;7;"sample2"
"1";1923;1,18902835976897;0;"sample3"
"2";1924;-0,568259792978132;7;"sample4"
"1";1925;-1,38620458753026;5;"sample1"
"2";1926;-2,00253545903032;7;"sample2"
"1";1927;-0,622154176839984;9;"sample3"
"2";1928;-0,378316757635253;2;"sample4"
"1";1929;-0,774916223818575;9;"sample1"
"2";1930;0,36355433164347;9;"sample2"
"1";1931;-0,48892427709983;2;"sample3"
"2";1932;0,864370434870036;6;"sample4"
"1";1933;0,325249949794678;8;"sample1"
"2";1934;0,558365597924595;2;"sample2"
"1";1935;0,454241092956341;6;"sample3"
"2";1936;1,75159431499085;4;"sample4"
"1";1937;0,770907400401447;5;"sample1"
"2";1938;-0,028962722091379;2;"sample2"
"1";1939;1,23111533624641;5;"sample3"
"2";1940;-1,84866025038363;2;"sample4"
"1";1941;-0,958730729750175;0;"sample1"
"2";1942;-1,43101723160023;5;"sample2"
"1";1943;0,843947258368595;0;"sample3"
"2";1944;-0,290202484608051;6;"sample4"
"1";1945;1,91575334763484;0;"sample1"
"2";1946;0,431239133449379;1;"sample2"
"1";1947;0,825621410852832;0;"sample3"
"2";1948;0,267189152925365;10;"sample4"
"1";1949;-0,83594219792749;9;"sample1"
"2";1950;-0,717391901719398;3;"sample2"
"1";1951;0,69297470880899;5;"sample3"
"2";1952;1,31498335728266;7;"sample4"
"1";1953;0,365399188158444;4;"sample1"
"2";1954;-0,157399163317387;5;"sample2"
"1";1955;1,02375241703088;9;"sample3"
"2";1956;0,67570448433595;6;"sample4"
"1";1957;-0,795882090853458;0;"sample1"
"2";1958;-0,63516310779545;10;"sample2"
"1";1959;-0,770604036599303;7;"sample3"
"2";1960;-0,850733683135991;6;"sample4"
"1";1961;-0,175172174026979;0;"sample1"
"2";1962;-1,25536621063054;4;"sample2"
"1";1963;1,69903680557972;7;"sample3"
"2";1964;0,965200462050008;5;"sample4"
"1";1965;0,48373311527052;8;"sample1"
"2";1966;0,108952935118432;6;"sample2"
"1";1967;1,19269089831609;6;"sample3"
"2";1968;-0,226255414193794;9;"sample4"
"1";1969;0,0958744051601817;10;"sample1"
"2";1970;0,354166072277719;4;"sample2"
"1";1971;0,493191641738018;4;"sample3"
"2";1972;-0,12584578619806;3;"sample4"
"1";1973;-1,19979539054158;1;"sample1"
"2";1974;-0,723589348991015;6;"sample2"
"1";1975;-0,609503400587023;8;"sample3"
"2";1976;0,208210016489995;6;"sample4"
"1";1977;1,11723553337498;5;"sample1"
"2";1978;1,10129710423938;7;"sample2"
"1";1979;0,905735823233316;1;"sample3"
"2";1980;-0,942824316814469;10;"sample4"
"1";1981;-1,73916854790708;10;"sample1"
"2";1982;0,765823444664469;4;"sample2"
"1";1983;0,00928818057834088;10;"sample3"
"2";1984;-1,06614925936007;0;"sample4"
"1";1985;-0,754542071910097;0;"sample1"
"2";1986;1,61553483036404;1;"sample2"
"1";1987;-1,34270192748907;4;"sample3"
"2";1988;-1,27922957150347;10;"sample4"
"1";1989;-1,84410004728992;4;"sample1"
"2";1990;-1,39540236828135;5;"sample2"
"1";1991;0,147874418794548;10;"sample3"
"2";1992;0,769737525891123;8;"sample4"
"1";1993;1,22422878159471;1;"sample1"
"2";1994;-1,06749438838684;7;"sample2"
"1";1995;1,43727608311885;5;"sample3"
"2";1996;1,12944226987707;3;"sample4"
"1";1997;-0,651096995084646;4;"sample1"
"2";1998;-0,142387196280556;3;"sample2"
"1";1999;-2,12464504741493;9;"sample3"
"2";2000;0,840588072164095;10;"sample4"
"1";2001;-0,893154445921801;2;"sample1"
"2";2002;-0,709085240701765;6;"sample2"
"1";2003;-1,73823541808594;8;"sample3"
"2";2004;0,697225258236605;7;"sample4"
"1";2005;-0,961835595607373;7;"sample1"
"2";2006;0,276437578874651;1;"sample2"
"1";2007;0,138871807538513;2;"sample3"
"2";2008;-0,526278919199397;8;"sample4"
"1";2009;1,71440275305708;5;"sample1"
"2";2010;-2,69755418974797;7;"sample2"
"1";2011;-1,36089194915522;9;"sample3"
"2";2012;-0,104630288264973;4;"sample4"
"1";2013;-0,321453290902195;1;"sample1"
"2";2014;0,938461118300523;1;"sample2"
"1";2015;1,40667693487458;5;"sample3"
"2";2016;-0,238913800918625;4;"sample4"
"1";2017;0,690795238051959;1;"sample1"
"2";2018;0,542864226392597;0;"sample2"
"1";2019;-0,188941159548992;8;"sample3"
"2";2020;0,289277013616048;7;"sample4"
"1";2021;0,980730077151114;6;"sample1"
"2";2022;-1,92320634140449;8;"sample2"
"1";2023;0,593767869907736;0;"sample3"
"2";2024;0,486128756764856;9;"sample4"
"1";2025;0,539871659623043;3;"sample1"
"2";2026;1,01992898762073;2;"sample2"
"1";2027;0,317383258819694;1;"sample3"
"2";2028;-1,17360052521831;10;"sample4"
"1";2029;-0,949566925477427;3;"sample1"
"2";2030;0,182022610976287;2;"sample2"
"1";2031;-0,440478437548006;7;"sample3"
"2";2032;0,742930502513837;7;"sample4"
"1";2033;-0,737484130639102;3;"sample1"
"2";2034;0,174489497143142;10;"sample2"
"1";2035;0,0912607019663225;6;"sample3"
"2";2036;-2,16718904956146;0;"sample4"
"1";2037;-0,429581354862295;4;"sample1"
"2";2038;0,266113075637406;9;"sample2"
"1";2039;-1,35197652463076;4;"sample3"
"2";2040;-1,69541356670962;6;"sample4"
"1";2041;-1,50289063009588;6;"sample1"
"2";2042;-1,62439744028107;7;"sample2"
"1";2043;0,131553204257437;2;"sample3"
"2";2044;0,23399266138683;7;"sample4"
"1";2045;1,00138606036784;10;"sample1"
"2";2046;-0,900082410833042;4;"sample2"
"1";2047;-0,558475365294232;3;"sample3"
"2";2048;-0,00909688939570506;7;"sample4"
"1";2049;-0,186454781700276;4;"sample1"
"2";2050;-0,265851153101132;5;"sample2"
"1";2051;-1,19127781297829;0;"sample3"
"2";2052;0,0942701390277119;5;"sample4"
"1";2053;0,609570777281137;3;"sample1"
"2";2054;-0,298249235280919;7;"sample2"
"1";2055;0,359315725694508;3;"sample3"
"2";2056;0,504730298399;7;"sample4"
"1";2057;-1,53365422744461;0;"sample1"
"2";2058;0,902717078255197;8;"sample2"
"1";2059;-0,459343511327367;8;"sample3"
"2";2060;-0,388603281290234;3;"sample4"
"1";2061;-0,440208316283935;5;"sample1"
"2";2062;1,16507530595919;1;"sample2"
"1";2063;0,208378563164041;0;"sample3"
"2";2064;0,492576306172027;4;"sample4"
"1";2065;0,222871762799758;3;"sample1"
"2";2066;-0,345563878474317;2;"sample2"
"1";2067;-0,777873811685699;4;"sample3"
"2";2068;-1,11113458555077;8;"sample4"
"1";2069;-0,558675847240636;7;"sample1"
"2";2070;-0,945028232077658;8;"sample2"
"1";2071;-1,48587952059707;2;"sample3"
"2";2072;0,230134488072539;10;"sample4"
"1";2073;-0,322187493239493;4;"sample1"
"2";2074;-0,954007689651793;7;"sample2"
"1";2075;0,572856465704367;6;"sample3"
"2";2076;-1,25415172515624;10;"sample4"
"1";2077;1,32626864068533;5;"sample1"
"2";2078;0,959746433502654;8;"sample2"
"1";2079;-1,71015682163683;2;"sample3"
"2";2080;-0,991046977329059;5;"sample4"
"1";2081;1,68019248939632;5;"sample1"
"2";2082;-0,18532211835635;2;"sample2"
"1";2083;-0,923586223175579;0;"sample3"
"2";2084;-0,95440903337456;3;"sample4"
"1";2085;0,749480818183583;9;"sample1"
"2";2086;-0,507487990648421;6;"sample2"
"1";2087;-0,466966333166891;6;"sample3"
"2";2088;1,13478679051866;0;"sample4"
"1";2089;-0,651169326263146;6;"sample1"
"2";2090;0,793213719457592;4;"sample2"
"1";2091;1,49161754786919;2;"sample3"
"2";2092;-0,728912043225293;0;"sample4"
"1";2093;0,496541541974004;8;"sample1"
"2";2094;-0,615061817323235;6;"sample2"
"1";2095;-0,226167029737756;8;"sample3"
"2";2096;1,11791072549151;7;"sample4"
"1";2097;-0,455767406507928;9;"sample1"
"2";2098;1,07357546358461;9;"sample2"
"1";2099;-1,18997166080732;5;"sample3"
"2";2100;-0,945924249664979;7;"sample4"
"1";2101;-0,939212327293757;0;"sample1"
"2";2102;1,58904449410702;7;"sample2"
"1";2103;-1,12738810180707;2;"sample3"
"2";2104;-0,201025197316551;2;"sample4"
"1";2105;0,179621601332317;7;"sample1"
"2";2106;-0,269683360873213;4;"sample2"
"1";2107;-0,0403961842275336;6;"sample3"
"2";2108;-1,21134953495427;10;"sample4"
"1";2109;-2,42979265532747;2;"sample1"
"2";2110;1,74162383675078;0;"sample2"
"1";2111;-0,469166899772304;9;"sample3"
"2";2112;1,71683360746599;3;"sample4"
"1";2113;0,292856973554015;1;"sample1"
"2";2114;-0,29579552515695;7;"sample2"
"1";2115;-0,527991733119436;7;"sample3"
"2";2116;0,708999090642351;5;"sample4"
"1";2117;-0,953566301572955;5;"sample1"
"2";2118;0,295595594553995;8;"sample2"
"1";2119;-0,49722596118385;1;"sample3"
"2";2120;1,05151891396041;2;"sample4"
"1";2121;-1,04274055544988;3;"sample1"
"2";2122;0,133951067984627;2;"sample2"
"1";2123;-1,3079807835159;8;"sample3"
"2";2124;0,998222612445068;1;"sample4"
"1";2125;2,22956060802493;5;"sample1"
"2";2126;1,16720996437012;2;"sample2"
"1";2127;1,25715989187526;8;"sample3"
"2";2128;1,2137958867674;4;"sample4"
"1";2129;-0,374587686462317;1;"sample1"
"2";2130;-2,00162461940725;6;"sample2"
"1";2131;0,942827496861288;8;"sample3"
"2";2132;-0,253355857215376;9;"sample4"
"1";2133;-0,58534120867034;9;"sample1"
"2";2134;0,0468653651675683;8;"sample2"
"1";2135;0,404489457275904;4;"sample3"
"2";2136;-1,79458570980549;4;"sample4"
"1";2137;0,192274329465149;5;"sample1"
"2";2138;0,133249938294067;8;"sample2"
"1";2139;0,39013587463698;6;"sample3"
"2";2140;0,507106310924322;8;"sample4"
"1";2141;0,246978884898334;0;"sample1"
"2";2142;1,52376332728702;7;"sample2"
"1";2143;0,842365165923792;2;"sample3"
"2";2144;-0,0447050652654063;3;"sample4"
"1";2145;1,36950617957003;0;"sample1"
"2";2146;1,4724632974059;0;"sample2"
"1";2147;2,90606847006971;0;"sample3"
"2";2148;-1,30738295732527;9;"sample4"
"1";2149;-1,2829314319458;0;"sample1"
"2";2150;-0,502228830596308;0;"sample2"
"1";2151;-2,25014229237379;9;"sample3"
"2";2152;0,863491890491391;4;"sample4"
"1";2153;0,437888774395733;3;"sample1"
"2";2154;0,704834851441197;0;"sample2"
"1";2155;0,26010693858629;8;"sample3"
"2";2156;-1,03538729083899;9;"sample4"
"1";2157;-0,0500041353231886;9;"sample1"
"2";2158;0,660115209412454;6;"sample2"
"1";2159;-0,126956617388304;9;"sample3"
"2";2160;-0,163254864222732;2;"sample4"
"1";2161;-1,83134322484356;4;"sample1"
"2";2162;1,75957502205213;0;"sample2"
"1";2163;0,154880126853403;0;"sample3"
"2";2164;-0,417625302250141;1;"sample4"
"1";2165;-1,69046858305008;0;"sample1"
"2";2166;-0,754544608034036;1;"sample2"
"1";2167;-0,777016688385456;9;"sample3"
"2";2168;1,03401163832538;0;"sample4"
"1";2169;-2,36548584566667;7;"sample1"
"2";2170;-1,50961461256049;4;"sample2"
"1";2171;1,10000984006599;0;"sample3"
"2";2172;2,00721808547106;3;"sample4"
"1";2173;-0,421026073114815;0;"sample1"
"2";2174;-0,2729282947942;6;"sample2"
"1";2175;1,1775209502107;1;"sample3"
"2";2176;0,276790035653367;6;"sample4"
"1";2177;0,887938134573806;2;"sample1"
"2";2178;0,133393638729114;8;"sample2"
"1";2179;-0,543871821228011;1;"sample3"
"2";2180;-1,81023820784931;4;"sample4"
"1";2181;0,251118880820773;2;"sample1"
"2";2182;1,88867969740494;6;"sample2"
"1";2183;2,14948534665594;0;"sample3"
"2";2184;0,152866808160913;5;"sample4"
"1";2185;-0,872601579093296;7;"sample1"
"2";2186;1,90099075492454;8;"sample2"
"1";2187;-0,304897956787764;9;"sample3"
"2";2188;0,409210789697251;10;"sample4"
"1";2189;-0,707286724557335;8;"sample1"
"2";2190;2,36694261922509;7;"sample2"
"1";2191;-0,944774093294526;3;"sample3"
"2";2192;0,23440306766946;7;"sample4"
"1";2193;2,22022186456103;7;"sample1"
"2";2194;0,217487195962178;0;"sample2"
"1";2195;-0,247166380960153;9;"sample3"
"2";2196;1,5463176759276;5;"sample4"
"1";2197;-1,334854342995;7;"sample1"
"2";2198;0,283510462533231;8;"sample2"
"1";2199;-2,24459352727019;4;"sample3"
"2";2200;-0,480418477061608;8;"sample4"
"1";2201;-1,81015751502286;0;"sample1"
"2";2202;0,044301003877955;5;"sample2"
"1";2203;0,166274417172045;5;"sample3"
"2";2204;-0,0275666466046077;3;"sample4"
"1";2205;0,65316085145536;4;"sample1"
"2";2206;0,102735055073341;4;"sample2"
"1";2207;-1,50218939212205;5;"sample3"
"2";2208;-0,798153898797052;4;"sample4"
"1";2209;1,03733568916893;3;"sample1"
"2";2210;0,315660725005069;8;"sample2"
"1";2211;-2,38853710323625;9;"sample3"
"2";2212;-0,24470504732662;2;"sample4"
"1";2213;1,40787423142324;0;"sample1"
"2";2214;-0,380249576169309;9;"sample2"
"1";2215;-0,482495263353844;7;"sample3"
"2";2216;-0,325267617086139;4;"sample4"
"1";2217;2,6704733013041;7;"sample1"
"2";2218;-0,33806870248806;7;"sample2"
"1";2219;0,838853819546985;8;"sample3"
"2";2220;0,155882628914122;10;"sample4"
"1";2221;-0,12815350353465;6;"sample1"
"2";2222;-0,461621631274177;4;"sample2"
"1";2223;0,437392589380732;6;"sample3"
"2";2224;0,83005136167499;0;"sample4"
"1";2225;1,23450218192302;10;"sample1"
"2";2226;0,177411809855532;3;"sample2"
"1";2227;0,16950195329232;4;"sample3"
"2";2228;0,332923902503868;8;"sample4"
"1";2229;2,08128088292502;2;"sample1"
"2";2230;0,029139197230989;3;"sample2"
"1";2231;0,0896088338915474;5;"sample3"
"2";2232;-0,726633079145951;2;"sample4"
"1";2233;-0,898699538798221;4;"sample1"
"2";2234;0,181021647085319;3;"sample2"
"1";2235;0,279856551659321;3;"sample3"
"2";2236;1,2138156273491;8;"sample4"
"1";2237;0,999002612163228;5;"sample1"
"2";2238;0,0421739758208141;1;"sample2"
"1";2239;0,876866109115566;9;"sample3"
"2";2240;-0,621251748554117;4;"sample4"
"1";2241;-1,66855695420723;4;"sample1"
"2";2242;0,847915637942723;0;"sample2"
"1";2243;-0,277242854888724;6;"sample3"
"2";2244;-0,0360566646011642;4;"sample4"
"1";2245;-0,135337987881972;5;"sample1"
"2";2246;-0,857339614520302;9;"sample2"
"1";2247;-0,659367437814251;5;"sample3"
"2";2248;1,18019154951522;7;"sample4"
"1";2249;-1,06210060732282;4;"sample1"
"2";2250;0,401664644403216;7;"sample2"
"1";2251;-0,359419391289751;1;"sample3"
"2";2252;0,326253081710099;3;"sample4"
"1";2253;-0,769848938629421;10;"sample1"
"2";2254;-0,300933541336786;10;"sample2"
"1";2255;0,0719859939719369;8;"sample3"
"2";2256;0,716388500867391;9;"sample4"
"1";2257;-0,220441006541942;7;"sample1"
"2";2258;0,414796401094089;1;"sample2"
"1";2259;0,632451226016633;10;"sample3"
"2";2260;0,292542598490529;4;"sample4"
"1";2261;-0,401456534315992;9;"sample1"
"2";2262;0,286778865026424;0;"sample2"
"1";2263;-1,12051710126557;3;"sample3"
"2";2264;-0,320715190709021;2;"sample4"
"1";2265;-0,219335204250372;8;"sample1"
"2";2266;-1,0045618681707;3;"sample2"
"1";2267;-0,274515165275913;10;"sample3"
"2";2268;0,936816393975386;3;"sample4"
"1";2269;-1,8180874968625;7;"sample1"
"2";2270;-1,9285028176728;4;"sample2"
"1";2271;0,589135398825293;4;"sample3"
"2";2272;1,20807649871826;1;"sample4"
"1";2273;0,287833026548256;7;"sample1"
"2";2274;0,555584399546306;9;"sample2"
"1";2275;-2,03237750246474;2;"sample3"
"2";2276;-0,639446373752091;4;"sample4"
"1";2277;-2,05780419312787;1;"sample1"
"2";2278;-0,666066613101712;1;"sample2"
"1";2279;-0,0469796366841867;8;"sample3"
"2";2280;1,17932395935901;4;"sample4"
"1";2281;0,47295101188373;2;"sample1"
"2";2282;0,716054608370485;7;"sample2"
"1";2283;0,930953898709522;1;"sample3"
"2";2284;-0,120182494782774;5;"sample4"
"1";2285;0,226903232181207;0;"sample1"
"2";2286;-1,24885691442845;1;"sample2"
"1";2287;-0,703741241392159;5;"sample3"
"2";2288;-0,855973644655031;2;"sample4"
"1";2289;-0,611009601362471;0;"sample1"
"2";2290;-0,804356172393246;8;"sample2"
"1";2291;0,959805529593039;1;"sample3"
"2";2292;-1,85644389761925;1;"sample4"
"1";2293;0,216835757743955;10;"sample1"
"2";2294;-1,30503301241898;4;"sample2"
"1";2295;-0,877477693935117;8;"sample3"
"2";2296;1,57748111771154;10;"sample4"
"1";2297;1,0381545705842;8;"sample1"
"2";2298;-0,00771398786383553;1;"sample2"
"1";2299;-1,37462752863341;8;"sample3"
"2";2300;1,96490096480971;1;"sample4"
"1";2301;-0,925895103924549;0;"sample1"
"2";2302;1,13144099480639;7;"sample2"
"1";2303;1,41621575767432;0;"sample3"
"2";2304;-0,561603587876342;3;"sample4"
"1";2305;-0,643316778310833;4;"sample1"
"2";2306;-0,413951199771002;3;"sample2"
"1";2307;-1,25826607672911;6;"sample3"
"2";2308;0,508309118319807;10;"sample4"
"1";2309;-0,125162951312986;10;"sample1"
"2";2310;0,0766423034988201;2;"sample2"
"1";2311;1,75324664266712;3;"sample3"
"2";2312;-0,332888929809249;8;"sample4"
"1";2313;-0,291531618499881;10;"sample1"
"2";2314;1,7451218630293;4;"sample2"
"1";2315;0,497394330898654;4;"sample3"
"2";2316;-0,153244000039521;3;"sample4"
"1";2317;-0,968631464809763;4;"sample1"
"2";2318;-1,39603013219035;7;"sample2"
"1";2319;0,456338908615047;10;"sample3"
"2";2320;1,61299621943029;8;"sample4"
"1";2321;-0,216114813330351;5;"sample1"
"2";2322;-1,68543586754746;7;"sample2"
"1";2323;-1,05556586483393;2;"sample3"
"2";2324;1,38659565649775;8;"sample4"
"1";2325;2,82703304811441;10;"sample1"
"2";2326;-0,904736348912511;6;"sample2"
"1";2327;0,204958227473916;8;"sample3"
"2";2328;-0,979501039900206;6;"sample4"
"1";2329;-0,539214151828028;7;"sample1"
"2";2330;-1,45949569630446;2;"sample2"
"1";2331;-0,82533743812377;10;"sample3"
"2";2332;0,175205302021244;1;"sample4"
"1";2333;-0,661748506507324;3;"sample1"
"2";2334;-0,964859098629659;1;"sample2"
"1";2335;-1,56647406937514;4;"sample3"
"2";2336;-0,471289924877144;0;"sample4"
"1";2337;-2,09172508483553;2;"sample1"
"2";2338;-1,78401667425199;6;"sample2"
"1";2339;-0,194491996674343;7;"sample3"
"2";2340;-0,0916639620306172;3;"sample4"
"1";2341;-1,65045128186711;7;"sample1"
"2";2342;0,892260211760277;1;"sample2"
"1";2343;0,96734388016549;9;"sample3"
"2";2344;-0,256918103730911;6;"sample4"
"1";2345;2,22456814711521;4;"sample1"
"2";2346;-0,549104154441688;8;"sample2"
"1";2347;0,0790180685164519;1;"sample3"
"2";2348;1,7508125188459;7;"sample4"
"1";2349;0,689388256347034;9;"sample1"
"2";2350;-1,67496463975049;7;"sample2"
"1";2351;0,90233208481941;1;"sample3"
"2";2352;0,386431079800446;6;"sample4"
"1";2353;0,131374909906996;9;"sample1"
"2";2354;1,44154810741263;10;"sample2"
"1";2355;0,230448315487303;2;"sample3"
"2";2356;2,2469537342698;7;"sample4"
"1";2357;-1,57906345405501;5;"sample1"
"2";2358;0,580600842695516;3;"sample2"
"1";2359;-1,14803694282688;8;"sample3"
"2";2360;-0,782577766052057;3;"sample4"
"1";2361;-0,0578495470510794;10;"sample1"
"2";2362;0,408894899939005;5;"sample2"
"1";2363;0,0945200173917844;1;"sample3"
"2";2364;-1,0077169618305;0;"sample4"
"1";2365;1,10534366998719;7;"sample1"
"2";2366;0,079098663041125;8;"sample2"
"1";2367;1,10571308945968;5;"sample3"
"2";2368;-0,586347781930062;2;"sample4"
"1";2369;0,31736464786217;5;"sample1"
"2";2370;-0,235369898479626;5;"sample2"
"1";2371;1,04217043772306;9;"sample3"
"2";2372;1,78801746314086;6;"sample4"
"1";2373;0,681496064643859;8;"sample1"
"2";2374;0,47126496131681;2;"sample2"
"1";2375;0,0276038843811055;2;"sample3"
"2";2376;2,3473497451235;1;"sample4"
"1";2377;-1,47458978734935;0;"sample1"
"2";2378;-1,35694828311167;1;"sample2"
"1";2379;0,468462106284962;5;"sample3"
"2";2380;1,1601076534472;5;"sample4"
"1";2381;1,53836986556873;3;"sample1"
"2";2382;0,928345741928361;5;"sample2"
"1";2383;1,09191384833287;9;"sample3"
"2";2384;-0,0414162488980041;7;"sample4"
"1";2385;-0,118025922532475;5;"sample1"
"2";2386;0,784464938511149;8;"sample2"
"1";2387;1,52233655570037;5;"sample3"
"2";2388;1,25354844326669;10;"sample4"
"1";2389;-0,234586669144286;8;"sample1"
"2";2390;0,984975754913383;8;"sample2"
"1";2391;0,0933269915823275;2;"sample3"
"2";2392;1,0006654218462;8;"sample4"
"1";2393;0,708772086714601;10;"sample1"
"2";2394;0,909238083039002;6;"sample2"
"1";2395;0,300376236823395;10;"sample3"
"2";2396;0,0956906264059337;1;"sample4"
"1";2397;0,974519006106899;3;"sample1"
"2";2398;-1,29857287926174;8;"sample2"
"1";2399;-1,00618347733034;9;"sample3"
"2";2400;0,972500980945693;4;"sample4"
"1";2401;-0,942848292997588;6;"sample1"
"2";2402;0,170072251096878;8;"sample2"
"1";2403;-0,643759907799551;1;"sample3"
"2";2404;-0,377446338554756;10;"sample4"
"1";2405;1,0940518056812;4;"sample1"
"2";2406;0,566168654316878;9;"sample2"
"1";2407;-0,130969580883708;6;"sample3"
"2";2408;0,424860613795318;10;"sample4"
"1";2409;-1,0454547236158;9;"sample1"
"2";2410;0,0325985884092947;6;"sample2"
"1";2411;1,24081994303789;1;"sample3"
"2";2412;1,60243099552212;4;"sample4"
"1";2413;-1,20346734940186;7;"sample1"
"2";2414;1,01713951060564;3;"sample2"
"1";2415;-2,27436684786259;0;"sample3"
"2";2416;1,76721392325033;4;"sample4"
"1";2417;0,653029740084796;6;"sample1"
"2";2418;0,505201188517956;8;"sample2"
"1";2419;-1,6350501124794;3;"sample3"
"2";2420;-1,29994857683261;7;"sample4"
"1";2421;-0,469739830994339;3;"sample1"
"2";2422;1,05669308238028;7;"sample2"
"1";2423;0,628012765915699;3;"sample3"
"2";2424;0,857030061249909;5;"sample4"
"1";2425;-0,477397161575196;4;"sample1"
"2";2426;-0,243961433725623;5;"sample2"
"1";2427;-1,27232060611545;7;"sample3"
"2";2428;-1,07215530908334;1;"sample4"
"1";2429;-0,994472176835486;2;"sample1"
"2";2430;-0,960851229693799;0;"sample2"
"1";2431;0,484921241488676;3;"sample3"
"2";2432;-0,258661023802133;10;"sample4"
"1";2433;0,210943176375897;10;"sample1"
"2";2434;0,829059822347815;2;"sample2"
"1";2435;-1,14723214671733;8;"sample3"
"2";2436;-0,262947499313447;7;"sample4"
"1";2437;0,650073260939532;9;"sample1"
"2";2438;0,272729002624232;1;"sample2"
"1";2439;1,38445170484751;4;"sample3"
"2";2440;-0,137142623858688;10;"sample4"
"1";2441;-1,75138557833514;2;"sample1"
"2";2442;-1,3664438926605;8;"sample2"
"1";2443;1,58940516389402;5;"sample3"
"2";2444;-0,434400934761416;7;"sample4"
"1";2445;0,410633455038411;4;"sample1"
"2";2446;0,658538553276441;8;"sample2"
"1";2447;1,01590304433957;6;"sample3"
"2";2448;-1,27550161907751;3;"sample4"
"1";2449;1,26920073675165;2;"sample1"
"2";2450;0,0200804936707239;3;"sample2"
"1";2451;0,279470732545016;0;"sample3"
"2";2452;-0,497308321551692;4;"sample4"
"1";2453;-0,116071174023258;4;"sample1"
"2";2454;0,858652022343549;0;"sample2"
"1";2455;-0,399333933851753;9;"sample3"
"2";2456;0,0136192659060501;3;"sample4"
"1";2457;-1,71731037160099;10;"sample1"
"2";2458;0,978101010009616;6;"sample2"
"1";2459;0,946382910370563;3;"sample3"
"2";2460;-0,302701752864598;9;"sample4"
"1";2461;1,21609771822343;3;"sample1"
"2";2462;0,544156246420786;2;"sample2"
"1";2463;-0,0894796013226329;10;"sample3"
"2";2464;1,19364458194899;2;"sample4"
"1";2465;1,94883912179106;10;"sample1"
"2";2466;0,181123086870518;8;"sample2"
"1";2467;-0,271499818264045;2;"sample3"
"2";2468;0,78429193570939;2;"sample4"
"1";2469;0,0203753400028242;7;"sample1"
"2";2470;-0,774498590084578;6;"sample2"
"1";2471;-0,119336476296913;5;"sample3"
"2";2472;0,609398585649953;8;"sample4"
"1";2473;1,04628172315374;1;"sample1"
"2";2474;-1,08803548429871;0;"sample2"
"1";2475;1,4554497120004;6;"sample3"
"2";2476;1,86078232290355;10;"sample4"
"1";2477;0,467290138825059;2;"sample1"
"2";2478;0,190749942033783;3;"sample2"
"1";2479;0,582129253202145;7;"sample3"
"2";2480;-1,26003628794856;8;"sample4"
"1";2481;1,77036499919791;5;"sample1"
"2";2482;-0,903699622674029;2;"sample2"
"1";2483;-0,661555947487656;2;"sample3"
"2";2484;0,574854072327047;6;"sample4"
"1";2485;-0,923153889233527;9;"sample1"
"2";2486;-0,98637433123459;3;"sample2"
"1";2487;0,607320535471462;7;"sample3"
"2";2488;0,165637819277162;1;"sample4"
"1";2489;1,69041968844626;6;"sample1"
"2";2490;-0,326176941874129;9;"sample2"
"1";2491;-0,98411833942838;10;"sample3"
"2";2492;0,649642777366553;8;"sample4"
"1";2493;-1,40642422649114;7;"sample1"
"2";2494;0,698441972164752;2;"sample2"
"1";2495;-0,293272264538375;3;"sample3"
"2";2496;-0,468572238423502;7;"sample4"
"1";2497;0,558567063453741;8;"sample1"
"2";2498;1,12640472557238;3;"sample2"
"1";2499;-2,43823141935725;6;"sample3"
"2";2500;0,0311360917976468;7;"sample4"
"1";2501;-0,283304567717535;6;"sample1"
"2";2502;-0,0381512516653871;10;"sample2"
"1";2503;-0,0862633524765289;7;"sample3"
"2";2504;0,911931674802659;6;"sample4"
"1";2505;1,14367962368414;2;"sample1"
"2";2506;-0,848850792937654;2;"sample2"
"1";2507;1,89840389521708;3;"sample3"
"2";2508;-0,35401987802237;4;"sample4"
"1";2509;-0,477575289581791;3;"sample1"
"2";2510;-0,641072930026237;9;"sample2"
"1";2511;0,306661610398021;9;"sample3"
"2";2512;-3,5818492419306;9;"sample4"
"1";2513;-0,512036818238918;3;"sample1"
"2";2514;0,321927022230414;9;"sample2"
"1";2515;-0,308535482219651;1;"sample3"
"2";2516;0,592946127354991;3;"sample4"
"1";2517;-0,420563241946155;2;"sample1"
"2";2518;0,0227807245824971;6;"sample2"
"1";2519;-0,0359574537927146;8;"sample3"
"2";2520;0,979398641776923;6;"sample4"
"1";2521;0,0319539210351531;5;"sample1"
"2";2522;-0,295179286022486;8;"sample2"
"1";2523;-0,699800967870219;8;"sample3"
"2";2524;0,176476330702922;4;"sample4"
"1";2525;1,29387284529385;4;"sample1"
"2";2526;1,06333727725023;8;"sample2"
"1";2527;1,57315257356073;9;"sample3"
"2";2528;-0,282255090880209;8;"sample4"
"1";2529;-0,0484746576930184;3;"sample1"
"2";2530;-0,592125473040439;9;"sample2"
"1";2531;0,420399239702351;7;"sample3"
"2";2532;-1,60892426474672;2;"sample4"
"1";2533;0,770467291833204;10;"sample1"
"2";2534;0,474135719168829;0;"sample2"
"1";2535;0,0420083875016179;8;"sample3"
"2";2536;-0,623786315186479;5;"sample4"
"1";2537;0,557540484130985;9;"sample1"
"2";2538;1,30059750054177;1;"sample2"
"1";2539;-0,509693080714897;3;"sample3"
"2";2540;-0,282716102845279;7;"sample4"
"1";2541;-0,152051279515955;9;"sample1"
"2";2542;0,16330387247276;8;"sample2"
"1";2543;1,14747533992193;10;"sample3"
"2";2544;0,262046232581558;5;"sample4"
"1";2545;0,99340634619299;4;"sample1"
"2";2546;-0,321570806775124;10;"sample2"
"1";2547;-0,316133079337702;4;"sample3"
"2";2548;1,16525762782976;1;"sample4"
"1";2549;0,800625974250655;7;"sample1"
"2";2550;-0,529572953727821;6;"sample2"
"1";2551;0,0191220286427194;2;"sample3"
